LigandID,Pose,BindingEnergy,IntermolecularEnergy,InternalEnergy,TorsionalEnergy,UnboundEnergy
1,1,-6.729,-10.073,70.757,3.344,70.757
4,1,85.232,122.602,-0.263,-37.37,-0.263
5,1,79.181,113.898,0.772,-34.717,0.772
6,1,43.99,61.991,32.051,-18.001,32.051
6,2,-2.082,-2.873,-1.266,0.791,-1.266
7,1,201.165,359.926,18.627,-158.761,18.627
7,2,158.233,213.735,-0.927,-55.502,-0.927
9,1,-7.176,-8.015,-0.563,0.839,-0.563
10,1,-8.234,-10.16,8.817,1.926,8.817
10,2,-5.752,-7.602,4.502,1.85,4.502
10,3,-0.696,-0.778,-0.535,0.081,-0.535
11,1,266.747,360.311,-0.35,-93.564,-0.35
12,1,-5.861,-6.546,7.959,0.685,7.959
12,2,-6.879,-7.683,-0.527,0.804,-0.527
14,1,-10.472,-11.696,1.028,1.224,1.028
15,1,-12.587,-14.058,147.648,1.472,147.648
15,2,1.975,2.783,6.043,-0.808,6.043
15,3,-4.715,-6.506,-0.162,1.792,-0.162
15,4,13.789,18.625,6.188,-4.837,6.188
16,1,206.41,284.843,21.332,-78.434,21.332
17,1,38.654,127.914,1773.226,-89.259,1773.226
17,2,31.961,46.908,-1.094,-14.947,-1.094
21,1,64.113,92.223,5.41,-28.11,5.41
21,2,4.782,5.9,8.72,-1.118,8.72
25,1,4.868,9.421,-0.881,-4.553,-0.881
28,1,-9.322,-10.957,1.217,1.635,1.217
29,1,-11.937,-13.333,88.695,1.396,88.695
29,2,57.794,71.308,-1.215,-13.514,-1.215
33,1,80.179,122.364,8.259,-42.185,8.259
33,2,-2.609,-4.134,0.371,1.525,0.371
33,3,56.482,82.897,-1.09,-26.415,-1.09
34,1,-10.607,-11.227,0.0,0.62,0.0
36,1,7.283,10.05,-1.356,-2.767,-1.356
38,1,3.388,5.468,72.662,-2.08,72.662
38,2,31.574,41.726,-0.264,-10.152,-0.264
39,1,13.611,17.191,11.596,-3.581,11.596
39,2,-3.648,-4.714,-0.063,1.066,-0.063
40,1,136.611,200.501,54.387,-63.89,54.387
42,1,-1.806,-3.601,-0.716,1.795,-0.716
43,1,-0.61,-0.61,0.0,0.0,0.0
43,2,46.142,58.281,59.521,-12.139,59.521
43,3,221.81,273.678,31.438,-51.868,31.438
44,1,175.855,247.819,0.012,-71.963,0.012
45,1,141.083,190.569,7.966,-49.486,7.966
48,1,52.983,74.664,0.968,-21.682,0.968
52,1,-10.077,-10.961,10.04,0.884,10.04
52,2,53.317,65.784,0.658,-12.468,0.658
53,1,-10.406,-11.318,18.001,0.912,18.001
55,1,-7.195,-9.088,0.222,1.893,0.222
55,2,11.274,16.547,0.216,-5.273,0.216
58,1,-3.071,-3.789,-0.351,0.718,-0.351
61,1,110.904,159.53,9.349,-48.626,9.349
65,1,110.786,182.028,21.93,-71.242,21.93
66,1,-8.686,-9.701,1.178,1.016,1.178
66,2,-7.654,-10.786,11.925,3.132,11.925
66,3,-8.142,-8.856,0.0,0.714,0.0
67,1,20.745,31.66,8.051,-10.915,8.051
67,2,-8.422,-8.915,0.0,0.492,0.0
69,1,-8.703,-9.975,2.487,1.272,2.487
69,2,43.418,63.724,19.103,-20.306,19.103
69,3,0.593,0.732,-1.47,-0.139,-1.47
70,1,-8.575,-10.329,5.631,1.754,5.631
72,1,-9.333,-11.515,5.999,2.182,5.999
72,2,0.917,1.373,-1.369,-0.456,-1.369
72,3,93.45,134.423,-1.45,-40.973,-1.45
73,1,3.938,5.895,49.976,-1.957,49.976
73,2,43.254,54.632,0.107,-11.379,0.107
78,1,-7.945,-9.571,1.812,1.626,1.812
78,2,49.942,86.437,36.79,-36.495,36.79
80,1,-9.945,-11.69,5.339,1.744,5.339
80,2,-4.519,-5.576,-1.194,1.057,-1.194
83,1,-6.14,-7.397,-0.183,1.256,-0.183
85,1,12.134,17.455,3.05,-5.32,3.05
86,1,-7.793,-9.843,17.106,2.05,17.106
86,2,-8.41,-10.377,-1.011,1.967,-1.011
90,1,-8.501,-9.992,-0.436,1.491,-0.436
90,2,-6.978,-7.998,-0.767,1.02,-0.767
92,1,-6.509,-7.461,4.1,0.951,4.1
92,2,44.131,60.9,2.844,-16.769,2.844
93,1,-8.712,-9.986,15.633,1.273,15.633
94,1,36.909,53.091,5.17,-16.183,5.17
95,1,151.032,217.251,11.797,-66.22,11.797
97,1,23.579,31.16,98.041,-7.581,98.041
98,1,44.101,62.148,13.166,-18.047,13.166
99,1,-8.784,-10.068,0.41,1.284,0.41
100,1,44.251,58.479,131.18,-14.228,131.18
100,2,-7.502,-8.38,1.15,0.877,1.15
104,1,-8.369,-11.794,211.442,3.425,211.442
104,2,-0.51,-0.51,0.0,0.0,0.0
105,1,-4.051,-4.761,30.759,0.71,30.759
105,2,-8.944,-9.467,0.0,0.523,0.0
106,1,164.198,212.193,216.941,-47.995,216.941
106,2,36.607,52.657,18.615,-16.05,18.615
107,1,45.321,63.868,211.256,-18.546,211.256
108,1,-9.649,-10.778,4.92,1.128,4.92
110,1,-9.196,-11.078,4.585,1.882,4.585
110,2,5.468,7.705,29.521,-2.238,29.521
111,1,-10.655,-11.901,515.128,1.246,515.128
112,1,-9.786,-11.502,0.128,1.716,0.128
113,1,-8.971,-10.282,1.394,1.311,1.394
115,1,40.748,53.85,120.25,-13.102,120.25
116,1,37.007,59.722,2.979,-22.716,2.979
117,1,3.747,5.828,9.65,-2.081,9.65
118,1,93.723,112.899,107.54,-19.177,107.54
119,1,10.047,14.159,9.523,-4.112,9.523
119,2,41.989,57.944,43.344,-15.955,43.344
121,1,41.689,56.311,21.028,-14.623,21.028
123,1,-8.842,-10.393,3.066,1.551,3.066
123,2,34.242,46.253,26.572,-12.011,26.572
125,1,3.12,4.031,7.239,-0.912,7.239
125,2,88.192,121.704,24.108,-33.512,24.108
125,3,9.222,12.996,5.279,-3.774,5.279
126,1,3.191,3.937,2.75,-0.746,2.75
126,2,14.703,20.719,12.299,-6.017,12.299
130,1,-6.181,-7.988,25.945,1.807,25.945
130,2,6.382,9.927,5.236,-3.545,5.236
130,3,75.816,104.626,8.921,-28.809,8.921
132,1,178.034,235.277,13.288,-57.243,13.288
132,2,-8.663,-9.929,1.827,1.266,1.827
132,3,-2.924,-4.377,17.278,1.453,17.278
133,1,110.96,159.61,4.382,-48.65,4.382
133,2,47.502,65.552,18.565,-18.05,18.565
134,1,-3.363,-3.953,0.952,0.59,0.952
135,1,60.84,131.975,122.908,-71.134,122.908
135,2,174.273,204.837,18.1,-30.564,18.1
136,1,5.717,16.579,618.76,-10.862,618.76
136,2,-9.405,-9.954,0.0,0.55,0.0
137,1,-10.314,-11.52,4.581,1.206,4.581
137,2,47.51,65.563,5.109,-18.053,5.109
141,1,-9.129,-10.196,0.506,1.067,0.506
142,1,-9.891,-13.36,82.299,3.469,82.299
143,1,-9.773,-10.916,0.083,1.143,0.083
147,1,39.146,56.31,31.47,-17.164,31.47
148,1,-12.915,-15.18,42.395,2.265,42.395
148,2,17.119,20.121,19.287,-3.002,19.287
148,3,39.705,55.953,5.735,-16.248,5.735
151,1,-12.126,-13.543,17.146,1.418,17.146
151,2,149.4,219.272,40.891,-69.872,40.891
154,1,-1.023,-1.502,51.318,0.479,51.318
154,2,19.77,28.438,19.544,-8.668,19.544
155,1,165.9,233.79,84.54,-67.89,84.54
157,1,55.354,78.006,12.521,-22.652,12.521
160,1,76.914,112.885,25.088,-35.971,25.088
161,1,31.016,43.708,2.664,-12.692,2.664
163,1,-8.716,-9.735,1.224,1.019,1.224
168,1,-7.788,-8.243,0.0,0.455,0.0
168,2,-3.8,-5.021,31.202,1.222,31.202
170,1,1.195,1.579,6.786,-0.384,6.786
170,2,-8.779,-10.062,0.164,1.283,0.164
171,1,49.708,68.597,24.45,-18.889,24.45
175,1,-11.946,-12.994,9.742,1.048,9.742
177,1,62.982,90.597,4.774,-27.615,4.774
177,2,-11.003,-11.968,1.951,0.965,1.951
181,1,-8.107,-9.529,4.321,1.422,4.321
181,2,211.756,329.359,276.49,-117.603,276.49
182,1,-3.924,-5.645,0.754,1.721,0.754
182,2,-12.551,-14.019,12.3,1.467,12.3
182,3,111.231,231.529,61.269,-120.298,61.269
183,1,-8.784,-9.555,0.0,0.77,0.0
184,1,-9.137,-9.671,0.0,0.534,0.0
184,2,159.677,206.351,30.303,-46.674,30.303
184,3,24.744,34.146,24.603,-9.402,24.603
185,1,44.146,69.953,121.275,-25.808,121.275
188,1,-3.886,-6.499,67.437,2.613,67.437
190,1,4.554,6.55,8.55,-1.997,8.55
191,1,-4.848,-5.698,9.165,0.85,9.165
191,2,26.05,34.426,5.953,-8.376,5.953
192,1,108.67,169.022,87.622,-60.352,87.622
192,2,32.358,45.599,5.145,-13.242,5.145
193,1,160.94,245.617,58.131,-84.677,58.131
193,2,44.014,63.312,3.619,-19.298,3.619
194,1,38.684,54.515,6.531,-15.83,6.531
196,1,18.253,26.256,44.225,-8.003,44.225
196,2,222.407,319.921,13.502,-97.514,13.502
197,1,102.428,156.319,255.745,-53.891,255.745
200,1,26.171,36.88,6.671,-10.71,6.671
204,1,67.797,105.45,29.522,-37.652,29.522
204,2,-6.714,-7.106,0.0,0.392,0.0
205,1,108.326,200.151,612.536,-91.825,612.536
205,2,7.514,10.589,9.213,-3.075,9.213
206,1,36.407,50.241,9.555,-13.834,9.555
207,1,140.442,202.019,7.521,-61.577,7.521
209,1,16.862,26.227,4.473,-9.365,4.473
209,2,46.954,64.797,18.616,-17.842,18.616
210,1,12.671,18.598,6.95,-5.926,6.95
210,2,26.098,43.644,5.322,-17.546,5.322
211,1,-10.607,-11.227,0.0,0.62,0.0
211,2,11.989,17.246,10.189,-5.257,10.189
212,1,4.199,6.04,16.256,-1.841,16.256
214,1,147.675,290.122,1069.202,-142.446,1069.202
216,1,-6.795,-7.788,11.057,0.993,11.057
216,2,19.63,26.516,27.22,-6.886,27.22
217,1,-8.064,-9.713,-0.264,1.65,-0.264
217,2,360.903,751.223,275.607,-390.32,275.607
217,3,13.04,18.758,28.458,-5.717,28.458
220,1,-7.861,-9.01,6.176,1.149,6.176
225,1,55.121,80.9,18.796,-25.779,18.796
225,2,36.608,45.168,22.549,-8.56,22.549
231,1,-9.293,-10.38,0.519,1.087,0.519
235,1,19.537,27.532,9.281,-7.995,9.281
236,1,37.174,67.599,-0.414,-30.425,-0.414
236,2,46.395,69.448,24.332,-23.054,24.332
236,3,72.571,102.268,6.992,-29.697,6.992
239,1,148.949,209.901,48.247,-60.953,48.247
239,2,15.171,22.266,5.928,-7.095,5.928
241,1,100.448,156.233,345.456,-55.786,345.456
241,2,135.899,175.623,62.789,-39.723,62.789
242,1,-5.427,-6.379,1.434,0.952,1.434
242,2,147.214,207.456,29.338,-60.243,29.338
243,1,25.178,34.01,11.941,-8.832,11.941
243,2,62.329,76.905,42.395,-14.575,42.395
244,1,68.176,86.111,84.975,-17.935,84.975
245,1,1.511,2.217,20.874,-0.706,20.874
245,2,74.747,105.335,24.312,-30.588,24.312
246,1,2.458,3.607,48.924,-1.149,48.924
246,2,8.254,11.874,30.667,-3.619,30.667
248,1,3.4,4.791,27.1,-1.391,27.1
248,2,45.728,64.441,35.979,-18.713,35.979
249,1,37.861,54.462,14.177,-16.6,14.177
249,2,19.842,25.642,12.649,-5.8,12.649
249,3,18.775,30.849,36.384,-12.074,36.384
250,1,14.032,19.364,53.821,-5.332,53.821
250,2,19.356,25.013,9.51,-5.658,9.51
252,1,-1.997,-2.698,16.475,0.701,16.475
252,2,-7.934,-9.094,4.302,1.16,4.302
252,3,38.565,54.346,10.941,-15.781,10.941
253,1,-1.964,-2.653,15.028,0.689,15.028
253,2,122.293,168.764,9.289,-46.47,9.289
255,1,-5.588,-6.241,0.418,0.653,0.418
256,1,76.729,103.642,37.972,-26.913,37.972
256,2,33.479,47.179,13.093,-13.7,13.093
261,1,7.921,11.162,21.163,-3.241,21.163
265,1,145.051,195.929,13.171,-50.878,13.171
265,2,6.809,9.595,41.095,-2.786,41.095
266,1,76.582,98.967,13.73,-22.385,13.73
266,2,78.295,114.912,28.525,-36.617,28.525
267,1,15.318,22.482,2.593,-7.164,2.593
268,1,37.279,54.714,3.728,-17.435,3.728
268,2,120.137,169.3,47.443,-49.163,47.443
269,1,15.718,23.069,9.802,-7.351,9.802
272,1,51.695,66.805,10.959,-15.11,10.959
272,2,161.007,226.894,9.549,-65.887,9.549
275,1,-7.996,-11.268,77.354,3.272,77.354
276,1,42.067,59.282,-0.013,-17.215,-0.013
278,1,36.525,49.337,115.852,-12.812,115.852
280,1,173.763,244.87,26.781,-71.107,26.781
281,1,-3.372,-3.767,1.742,0.394,1.742
283,1,-10.706,-11.958,169.242,1.252,169.242
283,2,-7.704,-8.605,1.261,0.901,1.261
285,1,-7.99,-8.924,40.013,0.934,40.013
290,1,-9.229,-10.847,-0.135,1.619,-0.135
290,2,7.889,11.117,86.754,-3.228,86.754
291,1,-9.937,-13.133,545.882,3.195,545.882
291,2,46.727,65.849,220.091,-19.122,220.091
291,3,68.917,97.119,5.423,-28.202,5.423
294,1,44.263,74.02,162.673,-29.758,162.673
294,2,15.874,22.37,10.745,-6.496,10.745
295,1,235.075,345.014,46.287,-109.94,46.287
299,1,26.176,43.774,7.813,-17.598,7.813
299,2,66.891,94.264,9.255,-27.373,9.255
300,1,1.527,2.374,13.547,-0.848,13.547
300,2,112.858,162.341,106.067,-49.483,106.067
302,1,-8.919,-10.744,11.783,1.825,11.783
302,2,79.169,111.567,8.633,-32.398,8.633
304,1,131.884,232.113,104.777,-100.229,104.777
304,2,49.873,70.282,9.89,-20.409,9.89
306,1,-8.363,-9.34,-0.756,0.978,-0.756
306,2,-7.472,-9.437,17.178,1.966,17.178
306,3,149.816,197.987,203.924,-48.17,203.924
312,1,-8.758,-10.294,9.342,1.536,9.342
313,1,-9.779,-12.924,17.793,3.144,17.793
313,2,193.539,272.739,16.635,-79.2,16.635
314,1,-5.247,-6.167,2.118,0.92,2.118
314,2,132.552,186.795,19.021,-54.243,19.021
315,1,-6.616,-8.744,23.882,2.127,23.882
316,1,-7.931,-10.017,26.684,2.086,26.684
317,1,-7.386,-10.193,60.984,2.807,60.984
317,2,-4.644,-5.458,-0.232,0.814,-0.232
318,1,-7.492,-9.463,27.664,1.971,27.664
318,2,7.529,8.63,6.017,-1.1,6.017
319,1,-8.482,-11.209,14.105,2.727,14.105
319,2,-8.04,-9.45,0.694,1.41,0.694
319,3,15.537,21.895,0.19,-6.358,0.19
320,1,83.2,126.975,5.123,-43.775,5.123
320,2,83.753,108.234,28.271,-24.481,28.271
320,3,-7.58,-9.353,53.425,1.773,53.425
321,1,142.113,191.961,46.624,-49.848,46.624
321,2,-8.679,-9.694,0.482,1.015,0.482
322,1,-9.25,-10.332,0.958,1.082,0.958
324,1,-5.17,-6.379,1.478,1.209,1.478
325,1,35.426,49.923,19.401,-14.497,19.401
325,2,-9.026,-11.136,-0.038,2.111,-0.038
327,1,-8.098,-9.992,1.82,1.894,1.82
327,2,-8.512,-11.996,3.984,3.483,3.984
328,1,22.803,36.134,4.082,-13.331,4.082
328,2,-9.566,-11.244,2.2,1.678,2.2
329,1,-9.254,-11.418,0.698,2.164,0.698
330,1,-8.334,-9.795,1.562,1.462,1.562
332,1,-9.782,-11.212,-0.348,1.43,-0.348
333,1,8.633,13.681,10.295,-5.047,10.295
333,2,-11.686,-12.369,671.931,0.683,671.931
333,3,66.1,100.878,4.795,-34.778,4.795
334,1,-7.297,-8.15,3.925,0.853,3.925
335,1,9.553,14.579,43.552,-5.026,43.552
336,1,-7.13,-7.963,-0.145,0.834,-0.145
337,1,74.07,113.041,4.044,-38.971,4.044
337,2,-7.324,-8.394,2.712,1.07,2.712
338,1,-7.898,-8.821,-0.005,0.923,-0.005
339,1,-7.712,-8.614,-0.04,0.902,-0.04
340,1,-7.6,-8.266,9.936,0.666,9.936
341,1,-9.73,-11.437,15.863,1.707,15.863
343,1,-8.017,-8.954,0.446,0.937,0.446
345,1,-6.227,-6.955,-0.144,0.728,-0.144
346,1,-8.05,-8.992,1.09,0.941,1.09
346,2,4.607,6.223,-1.134,-1.616,-1.134
349,1,-5.177,-5.782,1.401,0.605,1.401
350,1,-0.11,-0.11,0.0,0.0,0.0
353,1,-2.89,-3.228,0.979,0.338,0.979
354,1,12.639,20.397,24.617,-7.758,24.617
354,2,-8.422,-9.406,-0.228,0.985,-0.228
357,1,-8.828,-9.602,1.196,0.774,1.196
358,1,-8.004,-9.407,0.738,1.404,0.738
361,1,8.141,9.568,1.378,-1.428,1.378
363,1,-7.765,-10.035,0.555,2.27,0.555
365,1,80.321,113.189,20.002,-32.869,20.002
365,2,-3.229,-3.795,1.187,0.566,1.187
368,1,362.267,817.596,1194.992,-455.329,1194.992
368,2,-8.637,-11.162,0.306,2.525,0.306
369,1,-8.714,-10.243,0.941,1.528,0.941
370,1,85.541,120.546,7.692,-35.005,7.692
370,2,-8.784,-10.838,0.261,2.054,0.261
371,1,519.849,793.363,4278.796,-273.513,4278.796
371,2,-8.873,-10.948,0.048,2.075,0.048
372,1,-8.721,-10.761,0.561,2.039,0.561
374,1,-8.657,-10.175,0.02,1.518,0.02
375,1,-4.819,-5.664,-0.55,0.845,-0.55
377,1,9.828,11.552,0.804,-1.724,0.804
377,2,25.063,36.052,20.114,-10.989,20.114
378,1,8.214,10.614,9.474,-2.401,9.474
378,2,1.528,1.795,-0.001,-0.268,-0.001
381,1,-8.709,-10.237,0.263,1.527,0.263
381,2,8.7,11.243,7.541,-2.543,7.541
382,1,21.525,29.075,14.377,-7.55,14.377
382,2,2.858,4.612,16.307,-1.754,16.307
382,3,-4.071,-4.784,4.304,0.714,4.304
384,1,-8.478,-9.965,1.527,1.487,1.527
384,2,-3.289,-4.731,12.028,1.442,12.028
386,1,29.174,42.818,-1.453,-13.644,-1.453
386,2,-9.196,-10.809,0.042,1.613,0.042
386,3,29.741,40.173,73.682,-10.432,73.682
387,1,12.878,22.665,10.903,-9.787,10.903
388,1,-4.422,-5.198,1.419,0.776,1.419
389,1,-4.631,-5.443,1.52,0.812,1.52
390,1,-1.304,-1.532,2.18,0.229,2.18
390,2,40.892,57.626,6.509,-16.734,6.509
390,3,11.483,14.839,4.774,-3.356,4.774
392,1,22.807,38.14,15.865,-15.333,15.865
392,2,-7.565,-8.229,65.954,0.663,65.954
393,1,131.911,178.181,19.981,-46.269,19.981
393,2,-7.258,-8.107,-0.111,0.849,-0.111
393,3,7.935,10.255,6.889,-2.319,6.889
394,1,-7.176,-8.015,0.206,0.839,0.206
395,1,-8.021,-8.959,1.323,0.938,1.323
395,2,20.412,27.572,4.839,-7.16,4.839
396,1,-6.71,-7.691,1.315,0.981,1.315
396,2,14.475,19.552,16.298,-5.077,16.298
397,1,10.087,14.215,6.496,-4.128,6.496
397,2,-6.54,-7.305,0.515,0.765,0.515
398,1,7.145,10.068,19.868,-2.924,19.868
400,1,-8.241,-9.204,1.017,0.964,1.017
401,1,17.773,21.929,9.739,-4.156,9.739
402,1,-8.092,-8.801,13.019,0.71,13.019
403,1,26.473,37.307,12.154,-10.833,12.154
403,2,-6.644,-7.421,52.329,0.777,52.329
403,3,25.509,32.965,10.607,-7.456,10.607
403,4,47.273,68.0,27.704,-20.727,27.704
404,1,-7.692,-9.49,1.359,1.799,1.359
405,1,65.496,88.47,16.029,-22.973,16.029
405,2,-7.748,-9.786,1.664,2.038,1.664
407,1,-6.95,-8.575,2.189,1.625,2.189
408,1,14.218,16.712,10.89,-2.494,10.89
408,2,-7.452,-8.976,11.161,1.525,11.161
408,3,178.262,219.947,-0.277,-41.685,-0.277
411,1,-9.85,-9.85,380.609,0.0,380.609
413,1,37.436,51.661,13.236,-14.225,13.236
413,2,3.995,5.864,66.076,-1.868,66.076
413,3,-0.486,-0.657,1.071,0.171,1.071
416,1,-3.938,-4.283,0.516,0.345,0.516
417,1,6.27,8.102,2.565,-1.833,2.565
417,2,-9.74,-10.878,0.167,1.139,0.167
417,3,21.396,30.152,14.301,-8.756,14.301
420,1,-7.821,-8.735,1.862,0.914,1.862
422,1,-9.157,-10.228,0.334,1.071,0.334
423,1,-8.761,-9.529,1.689,0.768,1.689
423,2,26.268,33.178,12.843,-6.91,12.843
424,1,96.844,136.474,7.098,-39.63,7.098
424,2,-8.504,-9.25,3.482,0.746,3.482
424,3,14.319,20.179,17.65,-5.86,17.65
425,1,57.317,70.72,9.19,-13.403,9.19
425,2,22.963,25.648,0.887,-2.685,0.887
426,1,110.805,204.731,40.431,-93.926,40.431
428,1,-8.153,-8.153,0.0,0.0,0.0
428,2,-9.687,-10.82,2.885,1.133,2.885
429,1,-9.927,-11.088,147.3,1.161,147.3
430,1,71.325,104.682,37.128,-33.357,37.128
430,2,149.117,192.704,22.913,-43.587,22.913
430,3,-9.215,-10.292,0.421,1.077,0.421
431,1,-5.904,-6.594,0.479,0.69,0.479
432,1,-8.078,-9.495,1.133,1.417,1.133
433,1,124.148,174.952,30.733,-50.804,30.733
435,1,-5.367,-6.308,1.37,0.941,1.37
435,2,69.743,94.206,27.007,-24.463,27.007
436,1,49.592,74.234,3.781,-24.643,3.781
436,2,-6.383,-7.316,1.039,0.933,1.039
437,1,-4.892,-5.893,0.648,1.001,0.648
437,2,26.16,36.865,89.408,-10.705,89.408
439,1,-10.073,-12.134,21.994,2.061,21.994
439,2,83.452,110.284,26.447,-26.832,26.447
440,1,-9.062,-10.122,2.349,1.06,2.349
440,2,142.098,208.554,7.525,-66.456,7.525
443,1,-8.17,-9.602,1.026,1.433,1.026
444,1,8.269,11.653,71.961,-3.384,71.961
444,2,-8.444,-10.418,1.089,1.975,1.089
446,1,-9.186,-10.26,9.792,1.074,9.792
448,1,-8.835,-9.868,1.978,1.033,1.978
448,2,-2.741,-3.302,0.854,0.561,0.854
448,3,98.307,132.789,27.435,-34.482,27.435
448,4,76.052,107.174,30.318,-31.122,30.318
449,1,-8.239,-9.202,19.371,0.963,19.371
449,2,-8.574,-10.328,18.392,1.754,18.392
450,1,13.203,19.378,8.036,-6.175,8.036
450,2,-8.33,-10.278,7.86,1.948,7.86
451,1,-10.629,-11.872,406.644,1.243,406.644
452,1,66.263,106.938,14.356,-40.674,14.356
452,2,-10.404,-11.621,43.964,1.216,43.964
455,1,-8.509,-9.255,236.137,0.746,236.137
455,2,-8.436,-9.422,0.629,0.986,0.629
457,1,-10.009,-11.179,307.404,1.17,307.404
458,1,-7.381,-8.46,1.652,1.079,1.652
458,2,-7.142,-8.395,11.896,1.253,11.896
458,3,61.62,79.632,9.43,-18.012,9.43
459,1,-10.854,-12.123,519.703,1.269,519.703
459,2,-5.647,-6.307,2.398,0.66,2.398
461,1,-5.757,-8.113,71.532,2.356,71.532
461,2,-8.076,-9.021,36.281,0.944,36.281
462,1,-12.528,-13.261,115.989,0.732,115.989
462,2,90.648,148.939,16.658,-58.292,16.658
463,1,-8.537,-9.535,11.416,0.998,11.416
466,1,56.313,94.171,10.177,-37.858,10.177
466,2,-9.295,-10.11,73.259,0.815,73.259
466,3,48.793,68.761,-0.432,-19.967,-0.432
467,1,-4.946,-5.525,1.577,0.578,1.577
468,1,-9.17,-10.242,18.537,1.072,18.537
473,1,-9.422,-11.074,0.673,1.652,0.673
474,1,-3.224,-3.79,-0.314,0.565,-0.314
475,1,-2.367,-2.782,0.564,0.415,0.564
476,1,-7.72,-9.073,-0.256,1.354,-0.256
476,2,-9.948,-11.693,2.617,1.745,2.617
478,1,-9.283,-10.911,1.074,1.628,1.074
480,1,-8.638,-9.648,42.155,1.01,42.155
481,1,-9.528,-11.199,-0.78,1.671,-0.78
481,2,-5.935,-8.537,56.034,2.602,56.034
482,1,-8.803,-10.347,42.389,1.544,42.389
482,2,65.106,91.749,8.231,-26.643,8.231
484,1,-5.855,-6.882,0.352,1.027,0.352
486,1,56.863,108.388,215.38,-51.525,215.38
486,2,-9.052,-10.11,20.017,1.058,20.017
487,1,12.44,17.53,31.092,-5.091,31.092
487,2,-10.41,-11.627,67.978,1.217,67.978
487,3,13.992,23.398,8.192,-9.406,8.192
488,1,-9.19,-10.802,1.848,1.612,1.848
489,1,-8.579,-10.084,2.048,1.505,2.048
489,2,305.128,385.398,437.141,-80.27,437.141
490,1,-8.419,-9.896,47.28,1.477,47.28
492,1,13.901,22.434,7.093,-8.533,7.093
492,2,-8.787,-10.329,11.339,1.541,11.339
494,1,-8.613,-10.123,16.261,1.51,16.261
495,1,41.284,58.179,41.58,-16.894,41.58
495,2,-9.536,-10.929,8.19,1.394,8.19
496,1,-10.646,-11.891,58.765,1.245,58.765
497,1,116.124,194.194,267.309,-78.069,267.309
497,2,-8.508,-10.0,21.67,1.492,21.67
500,1,44.873,65.86,-1.142,-20.986,-1.142
500,2,-8.762,-9.787,3.08,1.024,3.08
500,3,123.566,228.308,88.361,-104.743,88.361
503,1,118.506,170.466,203.202,-51.959,203.202
503,2,-9.59,-10.15,180.056,0.561,180.056
504,1,-7.892,-8.584,1.54,0.692,1.54
505,1,158.538,265.122,347.505,-106.584,347.505
505,2,-8.784,-10.581,20.126,1.797,20.126
505,3,-8.389,-9.37,0.822,0.981,0.822
505,4,94.613,138.861,91.539,-44.249,91.539
506,1,-8.109,-9.057,-0.507,0.948,-0.507
506,2,-9.895,-11.92,270.823,2.025,270.823
508,1,-8.032,-8.737,7.479,0.704,7.479
509,1,60.284,77.905,-1.072,-17.621,-1.072
509,2,-8.476,-9.467,8.462,0.991,8.462
511,1,-5.22,-5.83,0.674,0.61,0.674
514,1,-9.387,-10.484,0.702,1.097,0.702
516,1,-5.362,-6.303,5.196,0.94,5.196
517,1,7.6,10.711,10.929,-3.11,10.929
517,2,-9.964,-10.255,376.981,0.291,376.981
517,3,35.318,52.868,27.295,-17.55,27.295
518,1,-5.445,-6.241,3.004,0.796,3.004
519,1,30.671,47.705,25.989,-17.034,25.989
519,2,94.248,113.532,11.251,-19.284,11.251
520,1,-1.252,-1.545,-1.02,0.293,-1.02
520,2,172.048,207.251,4.129,-35.203,4.129
521,1,-8.12,-9.306,15.971,1.187,15.971
521,2,176.62,212.758,7.267,-36.138,7.267
522,1,14.432,17.384,9.452,-2.953,9.452
522,2,78.299,105.762,4.78,-27.464,4.78
525,1,2.706,3.259,2.1,-0.554,2.1
527,1,5.611,6.923,8.484,-1.312,8.484
527,2,17.147,25.167,1.73,-8.019,1.73
528,1,-9.125,-9.658,0.0,0.533,0.0
530,1,-8.85,-9.885,3.9,1.035,3.9
530,2,176.362,238.222,15.625,-61.861,15.625
531,1,-9.166,-11.578,4.434,2.411,4.434
531,2,13.755,18.58,12.875,-4.825,12.875
532,1,110.564,142.882,40.469,-32.318,40.469
533,1,-9.376,-11.843,19.797,2.467,19.797
533,2,134.89,174.318,16.931,-39.428,16.931
542,1,33.02,45.568,1.71,-12.547,1.71
544,1,-7.035,-8.475,22.702,1.439,22.702
544,2,41.753,57.618,1.433,-15.866,1.433
546,1,-8.494,-9.983,3.319,1.49,3.319
546,2,-8.801,-10.344,0.431,1.543,0.431
546,3,-8.647,-9.658,0.395,1.011,0.395
547,1,-9.702,-9.702,0.0,0.0,0.0
547,2,-8.492,-9.982,0.894,1.489,0.894
547,3,-8.164,-9.119,0.564,0.955,0.564
548,1,-8.062,-9.475,0.941,1.414,0.941
548,2,-7.402,-8.701,0.8,1.298,0.8
548,3,-9.398,-10.496,0.656,1.099,0.656
549,1,-8.116,-10.013,2.786,1.898,2.786
549,2,-9.578,-10.418,13.33,0.84,13.33
550,1,-3.177,-4.384,-0.778,1.207,-0.778
550,2,-9.243,-10.324,0.737,1.081,0.737
551,1,-8.664,-10.183,1.535,1.519,1.535
551,2,-9.389,-10.487,-0.534,1.098,-0.534
552,1,-11.258,-11.258,614.396,0.0,614.396
553,1,-9.402,-11.051,0.417,1.649,0.417
553,2,-6.944,-8.162,1.341,1.218,1.341
559,1,-9.713,-10.848,47.162,1.136,47.162
560,1,9.775,13.776,4.148,-4.0,4.148
560,2,-9.196,-10.808,0.749,1.613,0.749
562,1,-8.338,-9.8,5.809,1.462,5.809
564,1,-10.591,-12.449,14.804,1.857,14.804
564,2,-6.468,-7.413,3.78,0.945,3.78
565,1,-8.721,-9.996,24.672,1.275,24.672
565,2,-7.846,-9.222,0.979,1.376,0.979
567,1,14.926,21.034,68.627,-6.108,68.627
570,1,-10.301,-11.204,4.663,0.903,4.663
570,2,42.495,62.368,11.611,-19.874,11.611
571,1,39.798,58.411,36.505,-18.613,36.505
573,1,-8.793,-10.079,8.619,1.285,8.619
573,2,40.847,56.368,23.588,-15.521,23.588
574,1,-9.557,-11.513,9.513,1.956,9.513
574,2,-9.223,-10.571,1.724,1.348,1.724
583,1,-10.699,-12.262,125.6,1.564,125.6
584,1,126.963,219.742,3.953,-92.779,3.953
584,2,-9.209,-10.286,7.482,1.077,7.482
584,3,-11.383,-12.714,7.967,1.331,7.967
587,1,-9.241,-10.591,2.593,1.351,2.593
588,1,-7.308,-9.016,9.025,1.709,9.025
588,2,-9.019,-9.546,0.0,0.527,0.0
591,1,-8.453,-10.43,6.411,1.977,6.411
591,2,-9.524,-11.194,28.521,1.67,28.521
592,1,-9.038,-10.095,8.761,1.057,8.761
592,2,-7.992,-9.861,2.747,1.869,2.747
593,1,-11.154,-12.785,202.585,1.63,202.585
593,2,-9.537,-11.489,7.305,1.951,7.305
594,1,-8.089,-9.271,7.432,1.182,7.432
594,2,-7.787,-8.698,1.351,0.91,1.351
595,1,-5.96,-6.831,1.089,0.871,1.089
596,1,-7.13,-8.172,0.607,1.042,0.607
597,1,-6.556,-7.706,1.43,1.15,1.43
598,1,-7.534,-8.415,0.939,0.881,0.939
598,2,6.412,9.036,6.179,-2.624,6.179
600,1,-9.399,-10.498,2.19,1.099,2.19
601,1,15.656,22.062,47.549,-6.407,47.549
601,2,-9.704,-10.839,22.593,1.135,22.593
602,1,-10.069,-11.54,27.894,1.472,27.894
604,1,102.774,168.863,12.525,-66.09,12.525
607,1,36.914,52.02,19.241,-15.106,19.241
607,2,31.499,50.833,8.262,-19.335,8.262
608,1,31.427,50.717,22.465,-19.291,22.465
608,2,27.421,38.642,6.254,-11.221,6.254
611,1,9.432,16.324,0.021,-6.892,0.021
611,2,21.056,33.981,6.222,-12.925,6.222
613,1,-7.703,-9.73,20.449,2.027,20.449
617,1,-7.41,-9.576,3.556,2.166,3.556
617,2,128.784,166.427,111.354,-37.644,111.354
618,1,-8.473,-10.206,31.879,1.734,31.879
618,2,12.188,17.176,-0.58,-4.988,-0.58
619,1,-8.389,-10.596,17.791,2.207,17.791
622,1,-8.575,-11.332,29.464,2.757,29.464
625,1,26.958,37.989,7.316,-11.032,7.316
625,2,-8.147,-8.861,1.502,0.714,1.502
627,1,-6.293,-8.317,11.693,2.024,11.693
628,1,48.474,69.727,6.488,-21.253,6.488
628,2,130.738,184.239,-0.107,-53.501,-0.107
628,3,-11.914,-15.048,60.447,3.134,60.447
629,1,-9.662,-10.791,4.366,1.13,4.366
629,2,-8.537,-10.782,12.239,2.246,12.239
639,1,-7.645,-9.656,14.923,2.011,14.923
644,1,-8.569,-9.571,13.557,1.002,13.557
644,2,-7.291,-8.782,3.202,1.492,3.202
645,1,189.191,283.202,17.149,-94.011,17.149
645,2,-10.37,-10.976,23.807,0.606,23.807
645,3,-6.382,-7.687,1.027,1.306,1.027
645,4,7.679,9.251,1.642,-1.571,1.642
646,1,-9.095,-9.627,0.0,0.532,0.0
646,2,-7.291,-8.782,3.202,1.492,3.202
649,1,-8.442,-9.923,247.513,1.481,247.513
650,1,-10.83,-11.78,93.041,0.95,93.041
652,1,6.27,9.019,4.482,-2.749,4.482
652,2,-8.691,-9.199,0.0,0.508,0.0
653,1,-9.367,-9.914,0.0,0.548,0.0
654,1,-8.132,-10.272,3.086,2.139,3.086
654,2,-7.855,-8.544,0.0,0.689,0.0
657,1,-9.751,-10.322,0.0,0.57,0.0
658,1,-9.282,-9.825,0.0,0.543,0.0
658,2,62.885,101.485,17.195,-38.6,17.195
661,1,-9.414,-9.965,0.0,0.55,0.0
662,1,31.315,44.13,6.842,-12.815,6.842
662,2,-8.471,-9.462,1.228,0.99,1.228
663,1,-7.928,-8.391,0.0,0.463,0.0
664,1,-7.942,-8.87,4.383,0.929,4.383
665,1,-8.024,-8.493,0.0,0.469,0.0
665,2,215.316,303.427,8.423,-88.111,8.423
666,1,-9.011,-10.064,2.406,1.054,2.406
667,1,-7.717,-8.62,3.466,0.902,3.466
668,1,-7.987,-8.688,0.0,0.7,0.0
668,2,-7.225,-9.97,5.468,2.745,5.468
669,1,-8.465,-8.96,0.0,0.495,0.0
671,1,-9.231,-9.77,0.0,0.54,0.0
672,1,-8.638,-10.153,10.794,1.515,10.794
672,2,-7.631,-8.077,0.0,0.446,0.0
672,3,49.057,69.132,3.998,-20.075,3.998
680,1,-2.623,-3.773,-0.084,1.15,-0.084
680,2,-6.771,-6.968,0.0,0.198,0.0
681,1,-9.513,-9.513,0.0,0.0,0.0
681,2,-8.297,-8.54,0.0,0.243,0.0
682,1,-3.166,-3.629,-0.425,0.463,-0.425
682,2,-8.984,-10.034,3.158,1.05,3.158
685,1,-8.485,-8.733,0.0,0.248,0.0
686,1,-8.776,-10.828,1.589,2.052,1.589
686,2,-8.557,-8.807,0.0,0.25,0.0
687,1,-6.863,-8.067,-0.763,1.204,-0.763
687,2,-9.022,-10.605,0.302,1.582,0.302
687,3,-6.918,-7.524,2.663,0.607,2.663
688,1,-7.874,-8.335,0.0,0.46,0.0
689,1,-8.711,-9.475,2.737,0.764,2.737
690,1,18.444,22.218,-0.432,-3.774,-0.432
690,2,-9.658,-10.505,5.48,0.847,5.48
694,1,-6.144,-7.221,0.366,1.077,0.366
694,2,-9.457,-10.562,29.227,1.106,29.227
697,1,53.055,76.317,8.682,-23.262,8.682
697,2,-8.515,-9.759,2.904,1.244,2.904
702,1,48.429,80.987,4.039,-32.558,4.039
703,1,-8.327,-9.788,6.356,1.46,6.356
703,2,-8.184,-9.38,4.182,1.196,4.182
704,1,-8.636,-9.393,1.483,0.757,1.483
704,2,51.427,70.969,6.586,-19.542,6.586
704,3,-7.691,-8.815,4.781,1.124,4.781
707,1,-10.313,-11.82,52.129,1.507,52.129
707,2,-8.174,-10.803,16.472,2.628,16.472
708,1,-10.509,-12.352,7.261,1.843,7.261
708,2,-8.271,-10.688,19.989,2.418,19.989
709,1,-7.374,-8.883,18.78,1.509,18.78
709,2,33.547,48.256,-0.339,-14.709,-0.339
710,1,-7.894,-9.048,5.572,1.154,5.572
711,1,-1.386,-1.953,-2.464,0.567,-2.464
711,2,-7.304,-8.159,2.834,0.854,2.834
711,3,35.942,51.701,19.127,-15.759,19.127
712,1,-10.027,-11.493,3.448,1.466,3.448
712,2,-6.821,-8.017,2.827,1.196,2.827
713,1,-8.995,-10.31,6.074,1.315,6.074
713,2,-6.26,-6.992,1.951,0.732,1.951
714,1,-8.718,-9.992,2.259,1.274,2.259
714,2,-4.332,-5.091,7.882,0.76,7.882
715,1,-1.375,-1.576,7.533,0.201,7.533
716,1,-9.662,-11.639,8.868,1.977,8.868
718,1,-4.878,-5.734,5.634,0.856,5.634
719,1,182.588,305.34,12.671,-122.752,12.671
721,1,74.396,117.888,-0.719,-43.492,-0.719
721,2,-6.437,-7.19,3.478,0.753,3.478
726,1,-7.445,-8.533,8.777,1.088,8.777
727,1,164.633,256.066,3.29,-91.432,3.29
727,2,-7.63,-8.745,25.802,1.115,25.802
730,1,-9.482,-10.867,-0.742,1.386,-0.742
730,2,-8.762,-10.043,1.685,1.281,1.685
731,1,36.968,57.499,37.278,-20.531,37.278
733,1,158.394,190.803,4.374,-32.409,4.374
734,1,-8.931,-10.236,9.704,1.305,9.704
734,2,10.047,12.103,3.599,-2.056,3.599
734,3,-7.804,-8.717,5.776,0.912,5.776
735,1,89.899,145.082,24.201,-55.183,24.201
735,2,-7.517,-8.176,0.347,0.659,0.347
735,3,-8.408,-9.637,5.556,1.229,5.556
739,1,-12.935,-14.448,780.873,1.512,780.873
742,1,43.551,60.1,17.227,-16.549,17.227
742,2,-6.483,-7.809,1.84,1.326,1.84
745,1,24.903,36.549,6.667,-11.646,6.667
746,1,-8.646,-9.404,0.0,0.758,0.0
746,2,-10.743,-13.569,69.74,2.826,69.74
748,1,-8.977,-11.339,3.23,2.362,3.23
748,2,69.77,100.36,-0.168,-30.59,-0.168
749,1,-8.261,-11.401,14.261,3.139,14.261
755,1,-7.792,-8.02,0.0,0.228,0.0
758,1,-9.504,-10.337,16.253,0.833,16.253
759,1,-9.674,-11.088,8.718,1.414,8.718
760,1,-8.529,-9.277,2.667,0.748,2.667
761,1,-8.449,-8.696,0.0,0.247,0.0
762,1,-7.909,-9.99,33.126,2.081,33.126
764,1,-8.323,-9.783,3.185,1.46,3.185
764,2,-7.47,-8.562,4.107,1.092,4.107
765,1,-7.738,-7.964,0.0,0.226,0.0
765,2,-8.492,-9.237,2.512,0.745,2.512
765,3,-8.385,-9.855,0.914,1.47,0.914
765,4,32.762,46.169,4.032,-13.407,4.032
772,1,-5.906,-6.424,0.832,0.518,0.832
772,2,-9.238,-10.318,12.583,1.08,12.583
773,1,-9.125,-11.258,4.139,2.134,4.139
774,1,-6.517,-8.422,4.37,1.905,4.37
775,1,-9.341,-10.433,9.93,1.092,9.93
776,1,-8.476,-9.467,8.298,0.991,8.298
777,1,-9.953,-10.535,6.452,0.582,6.452
778,1,65.642,96.342,30.23,-30.7,30.23
778,2,-9.744,-12.022,4.505,2.278,4.505
780,1,-8.926,-9.448,4.173,0.522,4.173
780,2,-7.148,-7.775,1.156,0.627,1.156
781,1,-8.494,-10.48,9.562,1.986,9.562
782,1,74.414,100.516,6.559,-26.102,6.559
782,2,-10.308,-10.911,6.303,0.603,6.303
783,1,19.084,25.22,4.557,-6.136,4.557
783,2,-9.062,-9.592,3.874,0.53,3.874
785,1,-7.988,-9.856,1.585,1.868,1.585
786,1,209.125,294.703,73.894,-85.578,73.894
786,2,-8.698,-10.732,4.935,2.034,4.935
787,1,-8.549,-9.799,2.937,1.25,2.937
790,1,-8.55,-8.8,0.0,0.25,0.0
791,1,-3.409,-5.9,43.85,2.491,43.85
791,2,-9.678,-10.526,5.303,0.849,5.303
792,1,-5.353,-6.136,2.018,0.782,2.018
793,1,-4.67,-5.353,2.216,0.683,2.216
793,2,-7.806,-8.947,2.359,1.141,2.359
796,1,-8.238,-9.924,0.201,1.686,0.201
796,2,-10.391,-11.91,43.151,1.519,43.151
797,1,-10.9,-11.856,48.971,0.956,48.971
798,1,-8.132,-9.083,1.872,0.951,1.872
799,1,-4.696,-6.206,13.227,1.51,13.227
801,1,8.47,12.184,9.973,-3.714,9.973
802,1,155.404,278.05,12.562,-122.646,12.562
802,2,-11.052,-11.698,1.109,0.646,1.109
805,1,-11.027,-12.961,6.15,1.934,6.15
805,2,-10.847,-12.115,2.835,1.268,2.835
806,1,-7.837,-8.296,253.658,0.458,253.658
808,1,-12.496,-13.226,46.811,0.731,46.811
809,1,141.371,178.561,-0.959,-37.19,-0.959
809,2,108.174,174.575,1.538,-66.401,1.538
809,3,-7.177,-8.436,1.914,1.259,1.914
813,1,-7.487,-8.8,3.698,1.313,3.698
814,1,-7.465,-9.647,2.733,2.182,2.733
815,1,-7.142,-8.812,2.984,1.67,2.984
816,1,-7.372,-9.096,3.521,1.724,3.521
817,1,-4.037,-4.744,5.856,0.708,5.856
817,2,-7.375,-8.669,1.706,1.293,1.706
818,1,-8.863,-9.899,5.437,1.036,5.437
818,2,-8.427,-8.92,37.577,0.493,37.577
820,1,18.567,33.22,33.926,-14.653,33.926
820,2,-8.101,-9.522,0.616,1.421,0.616
821,1,-9.189,-10.263,19.933,1.074,19.933
821,2,-9.358,-10.452,4.013,1.094,4.013
822,1,-11.586,-12.263,0.0,0.677,0.0
822,2,-9.705,-10.84,11.574,1.135,11.574
823,1,-10.581,-11.2,0.0,0.619,0.0
823,2,-8.908,-9.429,1.948,0.521,1.948
824,1,-8.359,-9.58,3.632,1.222,3.632
825,1,-8.991,-11.094,4.509,2.102,4.509
826,1,-9.321,-10.956,4.36,1.635,4.36
827,1,-9.726,-10.864,6.163,1.137,6.163
828,1,-9.416,-10.517,8.275,1.101,8.275
829,1,-9.351,-9.898,3.572,0.547,3.572
830,1,-10.767,-13.914,32.634,3.147,32.634
831,1,-10.433,-13.482,18.182,3.049,18.182
832,1,-9.743,-12.306,13.981,2.563,13.981
833,1,-8.166,-10.792,16.852,2.626,16.852
834,1,138.631,231.831,67.38,-93.2,67.38
836,1,-10.533,-11.457,7.945,0.924,7.945
836,2,-6.369,-9.534,24.788,3.165,24.788
839,1,-8.553,-9.803,1.103,1.25,1.103
840,1,213.543,288.446,7.63,-74.903,7.63
840,2,-7.175,-8.224,0.532,1.049,0.532
842,1,-8.21,-9.649,1.14,1.44,1.14
842,2,-0.691,-1.034,62.833,0.343,62.833
843,1,152.377,219.186,19.427,-66.809,19.427
845,1,-7.585,-8.693,15.304,1.109,15.304
850,1,26.834,40.953,6.311,-14.119,6.311
850,2,-10.451,-11.978,4.501,1.527,4.501
851,1,-7.59,-11.584,17.468,3.994,17.468
851,2,-9.604,-11.008,2.116,1.404,2.116
852,1,-8.765,-10.558,2.219,1.793,2.219
853,1,11.917,17.143,7.473,-5.225,7.473
853,2,-9.733,-11.725,5.034,1.992,5.034
855,1,-8.856,-11.185,2.826,2.33,2.826
858,1,-9.0,-13.736,37.749,4.735,37.749
858,2,-12.535,-15.832,3.184,3.298,3.184
859,1,-10.86,-12.447,249.894,1.587,249.894
860,1,-9.947,-11.692,21.299,1.745,21.299
862,1,-1.907,-2.242,4.941,0.334,4.941
863,1,-12.271,-13.705,668.519,1.435,668.519
864,1,-1.368,-1.608,14.139,0.24,14.139
865,1,-9.966,-12.005,16.665,2.039,16.665
866,1,11.798,18.696,4.009,-6.897,4.009
866,2,-6.382,-8.434,1.595,2.052,1.595
868,1,-3.009,-3.8,6.405,0.791,6.405
869,1,40.38,61.625,3.016,-21.245,3.016
869,2,-6.128,-7.382,0.234,1.254,0.234
870,1,31.248,42.209,6.65,-10.961,6.65
870,2,-5.527,-6.335,1.122,0.808,1.122
875,1,-10.966,-12.569,35.631,1.603,35.631
875,2,22.546,32.431,3.619,-9.885,3.619
877,1,-7.367,-8.875,2.95,1.507,2.95
879,1,106.857,159.955,8.606,-53.098,8.606
880,1,-9.079,-9.61,0.0,0.531,0.0
880,2,140.081,234.256,28.982,-94.175,28.982
881,1,-7.401,-8.267,-0.073,0.865,-0.073
881,2,35.735,49.313,0.449,-13.579,0.449
881,3,-5.178,-5.783,4.602,0.605,4.602
882,1,-4.903,-6.48,4.705,1.577,4.705
882,2,151.394,208.922,6.885,-57.528,6.885
882,3,-8.183,-9.14,4.188,0.957,4.188
883,1,-6.74,-8.513,3.492,1.773,3.492
883,2,-7.987,-8.921,17.591,0.934,17.591
884,1,-7.436,-8.958,2.835,1.521,2.835
884,2,-9.686,-10.819,373.061,1.133,373.061
885,1,-7.844,-8.99,2.981,1.146,2.981
885,2,57.098,78.794,6.549,-21.697,6.549
885,3,-9.273,-10.358,35.702,1.084,35.702
886,1,-9.702,-10.553,1.817,0.851,1.817
887,1,-6.513,-7.845,27.957,1.333,27.957
888,1,-6.825,-9.219,-1.029,2.394,-1.029
888,2,-5.189,-5.948,10.513,0.758,10.513
889,1,-8.678,-9.439,5.164,0.761,5.164
891,1,27.205,33.566,-0.698,-6.362,-0.698
891,2,-7.983,-8.916,8.877,0.933,8.877
894,1,-8.507,-9.005,0.0,0.497,0.0
894,2,-7.729,-9.085,2.847,1.356,2.847
895,1,-8.113,-8.587,0.0,0.474,0.0
899,1,-9.34,-10.159,0.87,0.819,0.87
903,1,-8.877,-10.434,0.343,1.557,0.343
903,2,-8.846,-10.915,2.932,2.069,2.932
906,1,-9.503,-11.169,0.448,1.667,0.448
906,2,-8.969,-10.017,0.439,1.049,0.439
908,1,-9.715,-10.283,3.259,0.568,3.259
910,1,-5.466,-5.945,-0.167,0.479,-0.167
912,1,1.009,1.421,1.962,-0.413,1.962
914,1,51.303,73.796,8.49,-22.494,8.49
914,2,-8.758,-10.038,1.152,1.28,1.152
915,1,-8.874,-10.171,17.737,1.297,17.737
915,2,-8.588,-8.839,0.0,0.251,0.0
915,3,-8.852,-12.733,15.06,3.881,15.06
917,1,218.2,281.98,1.591,-63.78,1.591
917,2,-5.813,-6.832,6.318,1.019,6.318
919,1,35.49,54.163,22.245,-18.673,22.245
921,1,128.573,184.945,222.567,-56.373,222.567
922,1,-7.335,-8.407,0.507,1.072,0.507
923,1,70.162,125.535,14.089,-55.373,14.089
926,1,-6.728,-8.105,3.887,1.377,3.887
926,2,66.357,107.089,48.988,-40.732,48.988
927,1,-15.48,-17.29,45.835,1.81,45.835
929,1,-9.739,-10.878,6.071,1.139,6.071
930,1,-7.707,-9.509,4.357,1.802,4.357
930,2,188.745,271.5,4.979,-82.755,4.979
931,1,-7.994,-9.163,9.327,1.168,9.327
931,2,36.227,54.228,1.867,-18.001,1.867
933,1,177.888,307.879,18.785,-129.992,18.785
939,1,-11.248,-11.905,0.0,0.658,0.0
940,1,-10.609,-11.229,0.0,0.62,0.0
941,1,-8.501,-9.495,-0.01,0.994,-0.01
942,1,-9.594,-10.715,9.333,1.122,9.333
943,1,-10.002,-10.295,0.0,0.292,0.0
944,1,-9.765,-10.051,0.0,0.285,0.0
945,1,-11.503,-13.184,8.038,1.681,8.038
945,2,3.331,4.11,1.531,-0.779,1.531
946,1,-10.283,-11.785,6.925,1.503,6.925
947,1,-11.554,-12.905,10.838,1.351,10.838
948,1,-10.494,-11.721,2.146,1.227,2.146
949,1,-6.997,-7.815,1.334,0.818,1.334
950,1,-10.362,-11.877,7.195,1.514,7.195
951,1,-8.35,-13.72,139.288,5.37,139.288
951,2,-10.312,-11.216,2.13,0.904,2.13
953,1,-8.199,-11.314,11.652,3.116,11.652
953,2,-1.498,-1.979,9.402,0.482,9.402
954,1,-8.885,-11.482,8.387,2.597,8.387
954,2,-7.766,-9.128,3.172,1.362,3.172
955,1,57.229,83.993,8.659,-26.765,8.659
957,1,67.762,95.492,10.007,-27.73,10.007
959,1,-2.502,-3.819,3.073,1.317,3.073
960,1,-6.358,-8.217,34.736,1.859,34.736
960,2,-7.527,-11.488,14.731,3.96,14.731
961,1,56.553,83.001,10.694,-26.449,10.694
962,1,-4.512,-6.886,5.105,2.374,5.105
963,1,-8.127,-12.403,34.591,4.276,34.591
964,1,-6.795,-9.774,66.586,2.979,66.586
964,2,-8.903,-11.506,3.361,2.602,3.361
965,1,-10.675,-12.235,2.709,1.56,2.709
965,2,-6.516,-9.944,36.132,3.428,36.132
966,1,-8.459,-12.415,52.05,3.956,52.05
966,2,-6.498,-8.018,-0.964,1.52,-0.964
970,1,-9.141,-13.95,10.606,4.809,10.606
971,1,-4.146,-6.327,16.909,2.181,16.909
972,1,-7.194,-10.98,28.891,3.785,28.891
973,1,-5.952,-8.736,93.341,2.784,93.341
973,2,-7.777,-10.05,2.493,2.273,2.493
976,1,21.268,31.214,35.49,-9.946,35.49
977,1,39.001,57.241,2.792,-18.24,2.792
978,1,-8.519,-12.254,33.681,3.735,33.681
979,1,-11.149,-12.453,78.907,1.304,78.907
979,2,-7.492,-8.368,0.324,0.876,0.324
980,1,-1.224,-1.438,7.378,0.215,7.378
981,1,-6.724,-9.869,55.024,3.145,55.024
983,1,-7.183,-9.073,0.703,1.89,0.703
983,2,13.277,21.427,8.48,-8.15,8.48
984,1,25.549,42.725,11.76,-17.176,11.76
985,1,65.359,109.299,12.206,-43.94,12.206
986,1,-6.76,-11.108,7.864,4.347,7.864
987,1,153.675,243.513,3.399,-89.838,3.399
988,1,143.293,231.25,7.966,-87.957,7.966
989,1,25.883,41.77,4.613,-15.888,4.613
990,1,18.092,28.669,5.826,-10.577,5.826
991,1,153.438,247.622,6.198,-94.185,6.198
992,1,12.259,19.784,12.742,-7.525,12.742
993,1,-6.696,-7.87,5.913,1.174,5.913
994,1,-5.592,-7.554,5.736,1.962,5.736
995,1,-7.774,-9.365,9.813,1.591,9.813
996,1,-5.345,-6.751,6.18,1.406,6.18
997,1,-8.913,-13.081,34.895,4.168,34.895
998,1,-1.976,-2.496,29.817,0.52,29.817
999,1,154.168,230.776,3.739,-76.608,3.739
1002,1,-8.553,-10.053,3.226,1.5,3.226
1003,1,-9.702,-11.403,4.967,1.702,4.967
1004,1,-0.252,-0.303,2.34,0.051,2.34
1005,1,-10.43,-11.04,1.965,0.61,1.965
1008,1,-9.775,-10.632,-0.125,0.857,-0.125
1009,1,-7.852,-9.688,2.181,1.836,2.181
1013,1,30.903,34.516,0.452,-3.613,0.452
1014,1,147.641,233.951,7.81,-86.311,7.81
1014,2,-0.019,-0.026,9.306,0.008,9.306
1014,3,72.183,118.6,11.79,-46.418,11.79
1016,1,-7.718,-10.876,23.936,3.158,23.936
1016,2,-6.879,-8.889,15.475,2.011,15.475
1016,3,95.226,175.947,6.947,-80.721,6.947
1017,1,55.692,86.621,2.822,-30.93,2.822
1019,1,-8.379,-10.338,8.101,1.959,8.101
1019,2,85.732,150.886,9.326,-65.155,9.326
1020,1,5.75,8.27,0.176,-2.521,0.176
1020,2,37.235,59.002,7.19,-21.767,7.19
1023,1,30.227,39.062,-0.44,-8.835,-0.44
1023,2,17.016,27.461,10.061,-10.445,10.061
1024,1,26.84,42.531,32.616,-15.691,32.616
1030,1,21.801,29.448,3.672,-7.647,3.672
1030,2,63.139,103.741,5.48,-40.602,5.48
1031,1,37.96,52.384,5.578,-14.424,5.578
1032,1,53.94,94.933,15.098,-40.993,15.098
1035,1,0.972,1.511,8.452,-0.54,8.452
1036,1,-6.261,-9.555,0.184,3.294,0.184
1036,2,6.533,10.543,7.119,-4.01,7.119
1037,1,43.297,61.016,5.396,-17.718,5.396
1040,1,8.725,12.55,25.474,-3.825,25.474
1042,1,-3.331,-4.013,1.963,0.682,1.963
1042,2,32.052,36.737,43.518,-4.684,43.518
1044,1,1.064,1.406,10.234,-0.342,10.234
1044,2,-0.626,-0.791,3.653,0.165,3.653
1045,1,-7.541,-9.525,3.995,1.984,3.995
1046,1,-1.34,-1.575,49.886,0.235,49.886
1047,1,-4.706,-6.494,10.476,1.788,10.476
1047,2,-7.76,-8.441,11.447,0.68,11.447
1049,1,-7.804,-9.401,2.635,1.597,2.635
1050,1,-6.769,-9.144,3.7,2.374,3.7
1051,1,-10.394,-14.344,34.088,3.95,34.088
1052,1,-10.375,-12.801,47.879,2.426,47.879
1054,1,-8.318,-9.291,6.514,0.973,6.514
1057,1,36.752,53.94,40.082,-17.188,40.082
1059,1,8.767,12.868,19.31,-4.1,19.31
1059,2,-6.433,-9.065,15.283,2.633,15.283
1060,1,-11.939,-14.731,12.397,2.792,12.397
1060,2,-6.564,-8.674,5.377,2.11,5.377
1061,1,3.108,4.016,14.353,-0.908,14.353
1061,2,23.061,31.149,1.259,-8.089,1.259
1061,3,-9.28,-10.636,5.804,1.356,5.804
1062,1,-5.502,-7.11,8.026,1.608,8.026
1065,1,201.661,248.817,50.564,-47.156,50.564
1065,2,-8.735,-10.523,2.477,1.787,2.477
1065,3,282.962,398.756,32.225,-115.794,32.225
1065,4,-8.227,-10.872,9.521,2.645,9.521
1066,1,-12.372,-16.712,210.461,4.34,210.461
1066,2,10.653,15.013,55.331,-4.36,55.331
1066,3,21.005,29.601,8.644,-8.596,8.644
1069,1,-7.794,-10.528,24.489,2.734,24.489
1069,2,-7.155,-10.083,12.825,2.928,12.825
1070,1,-7.65,-10.333,0.467,2.683,0.467
1070,2,-6.783,-7.378,0.906,0.595,0.906
1071,1,-0.961,-1.522,14.554,0.562,14.554
1072,1,-13.961,-17.226,42.732,3.265,42.732
1072,2,-7.003,-8.231,4.753,1.228,4.753
1075,1,-6.117,-9.335,0.7,3.218,0.7
1076,1,16.673,18.622,2.05,-1.949,2.05
1077,1,-6.751,-7.934,0.934,1.184,0.934
1078,1,-10.457,-13.514,73.691,3.057,73.691
1078,2,-9.589,-11.832,115.149,2.242,115.149
1080,1,18.882,26.609,49.133,-7.727,49.133
1080,2,-9.189,-10.801,14.966,1.612,14.966
1081,1,60.614,85.418,13.133,-24.804,13.133
1081,2,72.594,93.813,-0.012,-21.219,-0.012
1081,3,44.912,107.926,145.586,-63.014,145.586
1081,4,3.73,4.711,2.235,-0.981,2.235
1082,1,4.249,4.497,0.572,-0.248,0.572
1082,2,-6.696,-7.871,0.643,1.174,0.643
1083,1,134.127,157.65,27.962,-23.523,27.962
1084,1,30.596,43.117,7.554,-12.521,7.554
1087,1,-7.955,-11.675,44.114,3.72,44.114
1089,1,-0.443,-0.559,-1.514,0.116,-1.514
1090,1,-7.211,-9.107,1.181,1.897,1.181
1091,1,13.195,16.281,0.676,-3.086,0.676
1092,1,90.647,106.545,-0.594,-15.898,-0.594
1093,1,16.139,42.084,668.46,-25.945,668.46
1094,1,-11.022,-11.667,0.0,0.644,0.0
1095,1,-8.863,-9.641,5.212,0.777,5.212
1095,2,-5.965,-7.708,3.661,1.744,3.661
1096,1,-6.934,-7.947,3.075,1.013,3.075
1096,2,169.669,199.425,11.526,-29.757,11.526
1101,1,-11.181,-11.181,473.543,0.0,473.543
1106,1,-3.44,-3.842,0.218,0.402,0.218
1106,2,-1.377,-1.981,16.607,0.604,16.607
1106,3,-8.294,-10.718,5.786,2.424,5.786
1108,1,-1.733,-2.392,31.809,0.659,31.809
1108,2,-12.342,-14.146,36.938,1.804,36.938
1108,3,9.819,24.744,847.336,-14.925,847.336
1109,1,-0.187,-0.209,0.974,0.022,0.974
1109,2,-2.236,-3.152,15.078,0.915,15.078
1110,1,81.739,115.188,31.084,-33.449,31.084
1110,2,-4.932,-7.238,6.311,2.306,6.311
1111,1,25.071,29.467,1.38,-4.397,1.38
1111,2,-7.999,-10.571,9.779,2.572,9.779
1112,1,-3.732,-9.514,669.968,5.782,669.968
1114,1,-8.066,-11.603,31.868,3.537,31.868
1114,2,72.913,94.226,7.701,-21.313,7.701
1116,1,-4.528,-5.587,3.923,1.059,3.923
1117,1,-3.038,-3.571,2.945,0.533,2.945
1117,2,7.887,10.192,5.93,-2.305,5.93
1118,1,5.822,7.353,0.649,-1.531,0.649
1119,1,58.674,65.534,2.426,-6.86,2.426
1122,1,25.51,34.458,4.452,-8.948,4.452
1124,1,1.426,2.01,10.72,-0.584,10.72
1124,2,-6.964,-9.61,25.767,2.646,25.767
1125,1,47.834,66.01,7.314,-18.176,7.314
1126,1,6.805,7.6,1.034,-0.796,1.034
1129,1,-11.56,-15.614,170.848,4.055,170.848
1130,1,-8.498,-11.975,50.064,3.477,50.064
1131,1,-1.289,-1.779,32.144,0.49,32.144
1131,2,70.733,132.759,39.837,-62.026,39.837
1131,3,-10.543,-14.241,197.273,3.698,197.273
1133,1,0.035,0.047,10.062,-0.011,10.062
1134,1,1.045,1.381,3.768,-0.336,3.768
1136,1,-5.807,-7.844,2.27,2.037,2.27
1137,1,19.269,24.339,14.473,-5.069,14.473
1137,2,-1.424,-1.632,-0.207,0.208,-0.207
1138,1,9.161,13.445,16.305,-4.284,16.305
1138,2,-5.264,-6.495,40.583,1.231,40.583
1142,1,44.852,64.517,24.042,-19.665,24.042
1142,2,5.007,6.178,8.518,-1.171,8.518
1143,1,21.249,27.46,14.754,-6.211,14.754
1143,2,-6.557,-10.198,20.92,3.641,20.92
1144,1,-8.898,-11.499,20.69,2.601,20.69
1145,1,40.705,50.223,35.053,-9.518,35.053
1145,2,76.727,90.184,4.918,-13.456,4.918
1147,1,-1.187,-1.43,9.271,0.243,9.271
1149,1,39.82,63.098,4.206,-23.279,4.206
1149,2,3.847,5.984,1.386,-2.137,1.386
1151,1,-8.06,-9.945,11.102,1.885,11.102
1153,1,-7.816,-9.416,1.288,1.599,1.288
1153,2,200.705,235.904,2.668,-35.2,2.668
1156,1,-9.518,-10.631,0.929,1.113,0.929
1157,1,-11.552,-14.253,1189.505,2.701,1189.505
1157,2,-10.739,-11.995,30.228,1.256,30.228
1159,1,-3.32,-3.805,2.965,0.485,2.965
1162,1,38.836,41.106,-0.137,-2.27,-0.137
1163,1,41.02,59.006,11.482,-17.985,11.482
1163,2,52.23,73.603,3.211,-21.374,3.211
1163,3,4.316,6.587,10.984,-2.271,10.984
1165,1,43.468,70.151,10.242,-26.682,10.242
1169,1,61.981,92.78,12.304,-30.799,12.304
1170,1,-7.989,-8.456,35.88,0.467,35.88
1171,1,-4.964,-6.56,128.369,1.596,128.369
1171,2,-7.835,-9.668,10.257,1.832,10.257
1173,1,115.533,135.795,185.505,-20.262,185.505
1174,1,-10.963,-12.565,5.417,1.602,5.417
1174,2,-5.801,-7.157,9.769,1.356,9.769
1175,1,-4.757,-6.148,-0.355,1.391,-0.355
1176,1,67.212,90.787,1.541,-23.575,1.541
1178,1,46.124,56.91,0.839,-10.786,0.839
1179,1,-7.545,-10.191,2.381,2.646,2.381
1180,1,-8.609,-10.622,8.576,2.013,8.576
1182,1,-8.506,-9.501,421.731,0.995,421.731
1182,2,11.023,14.567,8.083,-3.544,8.083
1182,3,4.725,6.521,29.611,-1.796,29.611
1184,1,-5.98,-8.077,31.707,2.097,31.707
1184,2,42.226,66.912,2.278,-24.685,2.278
1185,1,-9.802,-11.521,5.99,1.719,5.99
1186,1,26.659,43.803,4.737,-17.144,4.737
1186,2,39.657,-11.266,0.421,1.681,0.421
1186,3,147.95,199.845,5.772,-51.895,5.772
1189,1,154.064,185.587,119.114,-31.523,119.114
1192,1,-8.857,-8.857,0.0,0.0,0.0
1194,1,-4.199,-5.55,5.95,1.35,5.95
1201,1,-8.718,-11.266,17.237,2.548,17.237
1202,1,151.832,187.337,1.022,-35.504,1.022
1202,2,194.924,371.551,62.84,-176.627,62.84
1204,1,-10.819,-14.614,211.926,3.795,211.926
1208,1,-8.189,-11.061,5.65,2.872,5.65
1208,2,11.764,14.515,1.793,-2.751,1.793
1209,1,93.418,115.263,0.907,-21.845,0.907
1209,2,-9.815,-13.258,46.237,3.443,46.237
1210,1,-7.691,-8.59,20.274,0.899,20.274
1211,1,-8.164,-9.119,0.884,0.955,0.884
1212,1,77.349,122.567,18.692,-45.218,18.692
1212,2,-11.446,-12.449,99.747,1.004,99.747
1212,3,35.427,45.783,39.46,-10.355,39.46
1217,1,-8.494,-9.984,153.801,1.49,153.801
1217,2,97.257,125.686,43.219,-28.428,43.219
1219,1,-8.464,-9.949,1.413,1.485,1.413
1220,1,69.115,135.783,33.279,-66.668,33.279
1220,2,-2.035,-2.749,34.122,0.714,34.122
1220,3,0.861,1.062,3.644,-0.201,3.644
1224,1,-7.404,-8.703,2.384,1.299,2.384
1225,1,170.513,190.45,34.376,-19.936,34.376
1228,1,-7.606,-9.162,6.939,1.556,6.939
1229,1,-0.695,-0.695,0.0,0.0,0.0
1229,2,74.337,156.907,46.759,-82.569,46.759
1230,1,54.748,70.75,4.227,-16.003,4.227
1231,1,26.955,31.683,1.866,-4.727,1.866
1232,1,-7.463,-8.772,3.912,1.309,3.912
1234,1,8.534,10.53,0.175,-1.996,0.175
1235,1,26.402,35.663,4.449,-9.261,4.449
1237,1,-5.374,-6.316,5.311,0.942,5.311
1238,1,26.608,29.719,2.111,-3.111,2.111
1240,1,45.287,58.525,15.543,-13.238,15.543
1240,2,-6.93,-9.563,5.968,2.633,5.968
1241,1,-6.4,-7.897,6.771,1.497,6.771
1242,1,-6.964,-9.407,12.322,2.443,12.322
1243,1,68.137,100.003,19.276,-31.866,19.276
1244,1,-9.061,-10.121,1.121,1.059,1.121
1244,2,7.357,11.659,6.565,-4.301,6.565
1245,1,27.928,40.173,25.955,-12.245,25.955
1247,1,-8.981,-11.343,5.082,2.363,5.082
1247,2,-4.653,-5.877,2.309,1.224,2.309
1248,1,-4.127,-5.092,263.871,0.965,263.871
1249,1,239.114,336.964,4.674,-97.85,4.674
1249,2,-5.789,-6.804,8.671,1.015,8.671
1249,3,-7.458,-8.985,3.904,1.526,3.904
1250,1,25.476,40.369,9.224,-14.893,9.224
1250,2,-7.488,-9.677,3.007,2.189,3.007
1251,1,33.996,46.914,4.869,-12.918,4.869
1251,2,-8.846,-10.656,3.537,1.81,3.537
1253,1,-7.295,-9.001,2.79,1.706,2.79
1257,1,-8.41,-10.131,4.862,1.721,4.862
1259,1,-1.119,-1.479,7.543,0.36,7.543
1260,1,-0.768,-1.127,40.499,0.359,40.499
1261,1,41.342,57.052,34.699,-15.71,34.699
1262,1,-7.65,-9.886,2.53,2.236,2.53
1264,1,17.381,23.477,20.145,-6.096,20.145
1265,1,37.242,49.217,3.662,-11.975,3.662
1265,2,-5.177,-6.69,3.138,1.513,3.138
1266,1,37.415,52.726,17.783,-15.311,17.783
1267,1,-7.315,-9.453,1.744,2.138,1.744
1268,1,-3.267,-4.031,1.54,0.764,1.54
1269,1,18.471,22.79,3.866,-4.319,3.866
1269,2,43.993,60.71,36.012,-16.717,36.012
1271,1,35.345,42.577,1.843,-7.232,1.843
1271,2,-9.685,-11.383,43.205,1.699,43.205
1271,3,5.122,6.918,122.568,-1.797,122.568
1274,1,-7.018,-8.659,4.074,1.641,4.074
1274,2,30.327,42.737,6.302,-12.41,6.302
1275,1,-11.403,-13.737,183.677,2.333,183.677
1278,1,-10.024,-12.954,32.381,2.93,32.381
1279,1,-4.001,-6.106,11.531,2.105,11.531
1281,1,-8.077,-10.438,85.632,2.361,85.632
1283,1,-6.418,-8.67,4.057,2.251,4.057
1284,1,131.439,181.384,6.902,-49.945,6.902
1284,2,-8.839,-9.355,0.263,0.517,0.263
1285,1,20.531,24.732,2.89,-4.201,2.89
1285,2,-3.051,-3.407,3.347,0.357,3.347
1285,3,36.432,57.731,4.212,-21.298,4.212
1286,1,-8.055,-11.352,42.161,3.296,42.161
1288,1,7.451,10.065,10.377,-2.614,10.377
1289,1,-7.937,-11.186,3.357,3.248,3.357
1291,1,29.04,42.622,6.038,-13.581,6.038
1291,2,143.333,201.987,1.048,-58.655,1.048
1294,1,-15.261,-18.83,2808.057,3.569,2808.057
1295,1,7.79,12.8,7.747,-5.01,7.747
1295,2,39.508,63.759,3.022,-24.251,3.022
1295,3,8.149,10.531,12.105,-2.382,12.105
1296,1,-2.267,-3.659,21.31,1.392,21.31
1297,1,-10.839,-12.74,904.796,1.901,904.796
1297,2,3.258,4.02,25.094,-0.762,25.094
1298,1,18.652,23.013,36.31,-4.362,36.31
1298,2,-8.793,-11.878,17.261,3.084,17.261
1300,1,-6.993,-8.219,-0.144,1.226,-0.144
1300,2,-6.216,-6.943,0.997,0.727,0.997
1301,1,-7.58,-10.682,725.769,3.102,725.769
1303,1,18.823,23.774,321.971,-4.952,321.971
1303,2,139.872,197.11,3.549,-57.238,3.549
1303,3,91.959,118.838,4.533,-26.879,4.533
1304,1,-7.907,-9.294,10.807,1.387,10.807
1304,2,-3.496,-4.518,3.513,1.022,3.513
1304,3,145.131,225.732,3.951,-80.601,3.951
1305,1,16.433,21.717,26.096,-5.284,26.096
1305,2,-6.14,-7.575,0.721,1.436,0.721
1306,1,9.044,12.217,29.156,-3.172,29.156
1306,2,-7.234,-9.348,19.331,2.114,19.331
1307,1,-7.883,-11.57,15.109,3.687,15.109
1307,2,8.044,12.747,5.345,-4.703,5.345
1308,1,-7.787,-9.152,1.131,1.366,1.131
1309,1,0.611,0.808,7.579,-0.196,7.579
1309,2,98.447,109.957,3.777,-11.51,3.777
1310,1,1.814,2.557,8.213,-0.742,8.213
1310,2,9.465,11.125,1.185,-1.66,1.185
1312,1,163.458,182.569,7.705,-19.112,7.705
1314,1,-13.218,-13.99,208.949,0.773,208.949
1315,1,37.975,54.626,32.21,-16.65,32.21
1315,2,60.308,84.988,6.354,-24.679,6.354
1316,1,44.755,70.919,3.855,-26.164,3.855
1316,2,24.914,30.739,51.573,-5.826,51.573
1317,1,-9.564,-12.36,10.623,2.796,10.623
1320,1,-4.793,-5.354,1.155,0.56,1.155
1322,1,43.17,68.408,9.729,-25.237,9.729
1322,2,-4.989,-5.718,12.311,0.729,12.311
1322,3,-6.329,-7.994,6.727,1.665,6.727
1322,4,-10.988,-12.915,1.579,1.927,1.579
1325,1,-9.175,-10.785,29.51,1.609,29.51
1326,1,68.462,84.472,14.942,-16.009,14.942
1327,1,18.201,22.458,3.339,-4.256,3.339
1327,2,1.28,1.73,6.454,-0.449,6.454
1328,1,-7.372,-9.526,0.829,2.155,0.829
1329,1,-8.575,-11.082,327.129,2.507,327.129
1331,1,-7.579,-10.016,11.071,2.437,11.071
1332,1,-5.584,-6.237,0.995,0.653,0.995
1333,1,209.011,270.105,16.405,-61.094,16.405
1334,1,-8.328,-9.789,8.171,1.461,8.171
1334,2,87.109,107.479,27.406,-20.37,27.406
1334,3,41.191,56.843,13.635,-15.652,13.635
1335,1,-6.655,-9.767,8.77,3.112,8.77
1336,1,-7.618,-9.845,1.668,2.227,1.668
1337,1,9.482,13.086,1.435,-3.603,1.435
1337,2,-8.271,-9.964,2.524,1.692,2.524
1337,3,18.611,24.051,2.579,-5.44,2.579
1338,1,-13.224,-17.089,663.671,3.865,663.671
1339,1,142.611,213.476,28.055,-70.865,28.055
1340,1,101.738,146.345,7.276,-44.607,7.276
1342,1,-7.124,-9.623,20.422,2.499,20.422
1344,1,-6.741,-8.317,11.162,1.576,11.162
1345,1,192.456,282.463,281.918,-90.008,281.918
1347,1,34.951,45.167,28.753,-10.216,28.753
1350,1,12.051,15.574,5.86,-3.523,5.86
1350,2,18.103,24.453,14.278,-6.35,14.278
1351,1,-11.004,-15.185,30.181,4.181,30.181
1352,1,-9.317,-11.223,10.753,1.906,10.753
1355,1,72.906,138.968,23.311,-66.062,23.311
1355,2,-9.408,-13.258,67.984,3.85,67.984
1355,3,8.168,10.078,3.899,-1.91,3.899
1356,1,-12.883,-13.636,27.895,0.753,27.895
1358,1,30.469,55.406,5.77,-24.937,5.77
1358,2,-6.766,-7.754,39.857,0.989,39.857
1360,1,-8.069,-10.428,24.524,2.359,24.524
1361,1,-6.022,-7.783,12.576,1.76,12.576
1364,1,76.468,159.17,54.324,-82.701,54.324
1364,2,108.863,178.869,185.335,-70.006,185.335
1365,1,-1.756,-2.475,0.253,0.719,0.253
1365,2,8.96,12.365,33.587,-3.405,33.587
1366,1,35.039,40.16,8.153,-5.121,8.153
1366,2,-6.234,-7.509,0.569,1.275,0.569
1367,1,-7.444,-8.314,385.184,0.87,385.184
1368,1,-4.081,-6.109,24.294,2.028,24.294
1368,2,-8.943,-10.772,9.005,1.83,9.005
1369,1,26.242,38.515,6.342,-12.273,6.342
1369,2,-5.651,-8.129,6.279,2.478,6.279
1370,1,-8.553,-9.303,0.0,0.75,0.0
1371,1,-8.049,-10.401,7.775,2.353,7.775
1371,2,-9.508,-10.341,1.894,0.834,1.894
1372,1,83.073,121.924,109.727,-38.851,109.727
1373,1,-8.05,-8.756,1.82,0.706,1.82
1374,1,-3.405,-4.202,6.676,0.796,6.676
1374,2,-8.382,-8.872,7.836,0.49,7.836
1375,1,79.606,112.182,1.586,-32.576,1.586
1380,1,45.356,63.917,32.731,-18.561,32.731
1381,1,292.412,369.337,50.891,-76.925,50.891
1381,2,-8.948,-10.779,3.659,1.831,3.659
1386,1,-8.517,-11.256,1.582,2.739,1.582
1387,1,39.265,54.185,-0.418,-14.92,-0.418
1387,2,-12.099,-14.575,261.159,2.476,261.159
1387,3,34.125,45.097,12.415,-10.972,12.415
1388,1,-6.289,-7.944,48.164,1.654,48.164
1389,1,-8.219,-9.901,1.851,1.682,1.851
1390,1,-8.833,-11.157,5.037,2.324,5.037
1390,2,-6.377,-8.241,-0.14,1.864,-0.14
1391,1,-8.653,-10.423,10.327,1.77,10.327
1392,1,-8.555,-10.305,6.168,1.75,6.168
1393,1,-9.092,-10.421,10.841,1.329,10.841
1396,1,-9.663,-10.51,4.118,0.847,4.118
1397,1,-9.534,-11.485,2.301,1.951,2.301
1398,1,-9.412,-11.338,3.037,1.926,3.037
1399,1,126.706,222.999,251.463,-96.294,251.463
1400,1,4.373,5.78,2.999,-1.406,2.999
1400,2,190.836,358.18,137.896,-167.344,137.896
1403,1,-7.75,-8.656,542.852,0.906,542.852
1404,1,-12.699,-14.926,1310.199,2.227,1310.199
1404,2,-0.516,-0.652,0.017,0.136,0.017
1405,1,-11.535,-14.57,1059.284,3.035,1059.284
1405,2,-10.259,-12.058,3.226,1.799,3.226
1406,1,-12.109,-13.525,565.323,1.416,565.323
1408,1,-7.326,-8.611,668.666,1.285,668.666
1408,2,-3.683,-5.19,5.082,1.507,5.082
1409,1,4.63,5.983,1.995,-1.353,1.995
1409,2,-11.224,-13.848,841.249,2.625,841.249
1410,1,35.404,47.823,0.29,-12.418,0.29
1410,2,-8.769,-10.82,80.704,2.051,80.704
1410,3,-0.822,-1.038,0.816,0.216,0.816
1411,1,-7.16,-7.997,567.23,0.837,567.23
1412,1,-13.279,-14.832,603.775,1.553,603.775
1413,1,-10.944,-15.422,1270.581,4.478,1270.581
1413,2,54.79,86.821,1.916,-32.03,1.916
1413,3,200.121,282.014,39.662,-81.893,39.662
1414,1,-11.542,-12.217,1276.022,0.675,1276.022
1414,2,-6.235,-7.329,29.008,1.094,29.008
1416,1,-8.307,-9.278,852.23,0.971,852.23
1417,1,-12.556,-15.859,1577.692,3.303,1577.692
1418,1,-8.939,-9.723,-0.043,0.784,-0.043
1418,2,-12.143,-14.983,1245.801,2.84,1245.801
1419,1,-3.815,-5.153,0.92,1.338,0.92
1423,1,-12.35,-13.072,136.525,0.722,136.525
1423,2,-5.179,-6.087,-0.004,0.908,-0.004
1424,1,-8.558,-10.559,61.619,2.001,61.619
1425,1,-8.046,-8.986,0.494,0.941,0.494
1425,2,68.798,92.929,9.916,-24.132,9.916
1426,1,12.066,17.356,22.256,-5.29,22.256
1426,2,-12.619,-12.988,0.0,0.369,0.0
1426,3,24.758,39.231,2.652,-14.473,2.652
1428,1,-6.314,-7.79,1.443,1.476,1.443
1429,1,201.456,283.896,29.217,-82.44,29.217
1430,1,47.786,78.515,5.133,-30.729,5.133
1430,2,36.299,46.909,28.455,-10.61,28.455
1431,1,133.272,226.765,24.246,-93.493,24.246
1432,1,-8.642,-10.411,3.708,1.768,3.708
1432,2,-10.351,-11.259,696.483,0.908,696.483
1434,1,-9.262,-12.511,16.894,3.249,16.894
1437,1,44.831,63.177,7.079,-18.346,7.079
1437,2,-7.415,-9.149,39.917,1.734,39.917
1438,1,-4.69,-6.061,1.754,1.371,1.754
1438,2,-9.191,-11.878,81.119,2.687,81.119
1439,1,-1.645,-2.029,24.179,0.385,24.179
1440,1,-14.864,-17.471,781.068,2.607,781.068
1442,1,-7.74,-10.455,9.947,2.715,9.947
1442,2,82.783,104.56,1.398,-21.778,1.398
1442,3,-11.105,-14.35,495.205,3.246,495.205
1446,1,2.957,4.34,9.862,-1.383,9.862
1448,1,62.005,72.88,1.92,-10.874,1.92
1448,2,20.231,29.102,4.648,-8.87,4.648
1450,1,221.631,292.891,12.725,-71.261,12.725
1451,1,254.469,336.288,61.22,-81.819,61.22
1452,1,-12.567,-16.608,418.491,4.041,418.491
1452,2,60.285,92.003,4.15,-31.718,4.15
1453,1,284.136,417.021,31.201,-132.885,31.201
1453,2,19.527,28.088,119.716,-8.561,119.716
1454,1,5.626,7.434,17.842,-1.809,17.842
1455,1,13.68,18.079,3.638,-4.399,3.638
1456,1,155.223,164.297,6.386,-9.074,6.386
1456,2,-8.038,-11.093,10.701,3.054,10.701
1458,1,56.979,73.633,7.699,-16.655,7.699
1458,2,50.888,71.713,23.847,-20.824,23.847
1459,1,-8.091,-11.639,21.872,3.548,21.872
1461,1,-9.381,-11.026,3.458,1.645,3.458
1461,2,155.895,215.133,2.928,-59.239,2.928
1461,3,19.372,25.6,7.95,-6.229,7.95
1462,1,4.003,5.056,4.098,-1.053,4.098
1462,2,21.82,31.387,20.4,-9.567,20.4
1463,1,38.903,54.823,84.91,-15.92,84.91
1463,2,14.374,18.155,3.991,-3.781,3.991
1467,1,-9.741,-11.449,22.673,1.708,22.673
1468,1,-8.215,-11.096,6.793,2.881,6.793
1468,2,0.135,0.163,1.011,-0.028,1.011
1468,3,2.134,2.944,162.997,-0.811,162.997
1469,1,96.5,130.348,16.416,-33.848,16.416
1470,1,-9.995,-14.67,66.267,4.675,66.267
1470,2,104.4,134.916,9.511,-30.516,9.511
1471,1,-8.509,-9.503,0.68,0.995,0.68
1473,1,-10.627,-16.218,155.45,5.591,155.45
1474,1,-4.143,-5.838,74.132,1.695,74.132
1475,1,150.672,199.117,39.632,-48.445,39.632
1475,2,21.645,27.972,1.573,-6.327,1.573
1476,1,-10.632,-14.361,235.7,3.729,235.7
1476,2,-1.967,-2.772,16.57,0.805,16.57
1478,1,0.634,0.968,29.649,-0.334,29.649
1484,1,48.022,64.866,31.08,-16.844,31.08
1485,1,-4.748,-6.414,1.871,1.665,1.871
1486,1,88.839,114.807,50.667,-25.968,50.667
1487,1,14.232,18.392,1.303,-4.16,1.303
1487,2,81.525,145.866,42.945,-64.341,42.945
1490,1,93.766,200.656,83.159,-106.89,83.159
1492,1,-4.227,-9.293,89.966,5.066,89.966
1495,1,-7.338,-8.625,5.151,1.287,5.151
1498,1,42.03,61.686,19.586,-19.657,19.586
1498,2,76.535,94.432,3.264,-17.897,3.264
1498,3,-2.531,-6.674,831.853,4.143,831.853
1499,1,-10.561,-14.266,92.063,3.705,92.063
1499,2,261.245,673.599,813.627,-412.354,813.627
1504,1,-6.402,-8.273,-0.832,1.871,-0.832
1504,2,9.289,12.004,4.692,-2.715,4.692
1505,1,106.855,147.459,7.713,-40.604,7.713
1506,1,0.575,0.743,13.305,-0.168,13.305
1508,1,-8.16,-8.637,19.048,0.477,19.048
1508,2,1.39,1.837,3.048,-0.447,3.048
1510,1,-11.282,-12.601,452.554,1.319,452.554
1516,1,1.036,1.339,5.718,-0.303,5.718
1516,2,49.733,64.27,15.543,-14.537,15.543
1517,1,-11.791,-14.203,5.807,2.412,5.807
1517,2,2.237,2.956,5.302,-0.719,5.302
1519,1,-1.556,-2.057,13.147,0.5,13.147
1520,1,-4.935,-5.8,37.165,0.865,37.165
1520,2,92.305,138.172,34.09,-45.867,34.09
1521,1,86.377,146.972,8.075,-60.595,8.075
1525,1,59.309,85.313,26.952,-26.004,26.952
1525,2,7.965,11.458,1.847,-3.492,1.847
1525,3,29.776,42.831,14.884,-13.055,14.884
1529,1,158.827,242.392,58.259,-83.565,58.259
1533,1,134.237,259.796,376.253,-125.56,376.253
1533,2,131.899,182.019,1.625,-50.12,1.625
1535,1,31.661,50.17,41.85,-18.509,41.85
1536,1,-7.488,-10.333,115.65,2.845,115.65
1536,2,185.652,370.156,370.692,-184.504,370.692
1537,1,-3.178,-4.015,16.711,0.836,16.711
1538,1,105.291,213.008,758.07,-107.717,758.07
1542,1,1.578,2.269,9.101,-0.692,9.101
1543,1,133.465,184.18,7.85,-50.715,7.85
1544,1,29.535,40.758,4.018,-11.223,4.018
1544,2,11.535,15.244,3.41,-3.709,3.41
1545,1,18.558,24.525,3.017,-5.967,3.017
1545,2,6.085,8.041,4.253,-1.956,4.253
1546,1,15.093,20.828,8.625,-5.735,8.625
1546,2,0.248,0.343,3.437,-0.094,3.437
1547,1,-8.505,-12.235,12.867,3.729,12.867
1547,2,22.83,31.505,8.08,-8.675,8.08
1548,1,-6.974,-7.382,0.0,0.408,0.0
1548,2,4.009,5.767,15.564,-1.758,15.564
1549,1,40.589,47.707,0.126,-7.118,0.126
1549,2,-0.856,-1.031,2.366,0.175,2.366
1549,3,5.368,7.251,5.729,-1.883,5.729
1551,1,-8.411,-11.607,47.076,3.196,47.076
1552,1,-0.533,-0.72,1.232,0.187,1.232
1552,2,-4.927,-6.799,35.566,1.872,35.566
1552,3,1.879,2.483,6.009,-0.604,6.009
1557,1,7.309,9.018,0.049,-1.709,0.049
1557,2,1.027,1.298,153.364,-0.27,153.364
1558,1,65.493,119.096,16.367,-53.602,16.367
1558,2,-0.985,-1.302,2.556,0.317,2.556
1559,1,19.426,24.537,4.52,-5.111,4.52
1562,1,82.203,115.843,7.366,-33.639,7.366
1562,2,54.429,76.703,10.51,-22.274,10.51
1562,3,78.152,139.831,25.323,-61.679,25.323
1563,1,88.643,176.738,27.059,-88.095,27.059
1565,1,54.735,120.332,31.223,-65.596,31.223
1568,1,73.061,111.501,19.816,-38.44,19.816
1568,2,28.364,52.407,31.527,-24.043,31.527
1572,1,3.253,4.584,5.369,-1.331,5.369
1572,2,46.413,57.267,5.897,-10.853,5.897
1572,3,39.573,54.61,15.622,-15.037,15.622
1573,1,-6.32,-8.537,9.519,2.217,9.519
1573,2,-6.975,-9.218,15.578,2.243,15.578
1573,3,48.32,65.269,3.855,-16.949,3.855
1574,1,62.95,86.87,9.305,-23.92,9.305
1574,2,0.582,0.803,5.655,-0.221,5.655
1574,3,41.79,56.448,3.908,-14.658,3.908
1575,1,4.013,5.303,6.562,-1.29,6.562
1575,2,49.073,66.285,14.274,-17.213,14.274
1576,1,-8.83,-12.186,25.443,3.355,25.443
1576,2,43.431,58.665,10.486,-15.234,10.486
1577,1,105.62,155.016,45.25,-49.396,45.25
1578,1,129.756,190.44,55.292,-60.684,55.292
1579,1,45.144,63.618,38.725,-18.474,38.725
1583,1,5.005,6.907,14.937,-1.902,14.937
1583,2,131.243,173.441,38.279,-42.199,38.279
1587,1,7.22,7.22,0.0,0.0,0.0
1588,1,-0.697,-0.697,0.0,0.0,0.0
1588,2,-8.972,-12.643,3.509,3.671,3.509
1589,1,-0.694,-0.694,0.0,0.0,0.0
1589,2,3.359,4.341,6.032,-0.982,6.032
1590,1,-0.683,-0.683,0.0,0.0,0.0
1590,2,-6.414,-7.539,17.435,1.125,17.435
1591,1,-0.668,-0.668,0.0,0.0,0.0
1593,1,-0.691,-0.691,0.0,0.0,0.0
1594,1,-0.46,-0.46,0.0,0.0,0.0
1595,1,-0.703,-0.703,0.0,0.0,0.0
1596,1,-0.505,-0.505,0.0,0.0,0.0
1596,2,35.31,47.695,11.485,-12.385,11.485
1599,1,-10.748,-12.633,10.476,1.885,10.476
1599,2,-3.139,-4.24,13.184,1.101,13.184
1599,3,0.928,1.335,221.064,-0.407,221.064
1601,1,41.353,59.484,8.312,-18.131,8.312
1601,2,46.293,62.53,2.921,-16.238,2.921
1604,1,-7.0,-8.023,0.779,1.023,0.779
1604,2,5.575,8.672,27.984,-3.096,27.984
1605,1,-3.644,-5.668,11.511,2.024,11.511
1605,2,38.639,56.71,52.686,-18.071,52.686
1606,1,117.656,196.754,59.048,-79.099,59.048
1607,1,18.703,27.997,14.494,-9.294,14.494
1607,2,117.851,183.302,10.105,-65.451,10.105
1609,1,20.412,34.731,133.65,-14.319,133.65
1609,2,43.952,63.223,11.283,-19.271,11.283
1611,1,24.801,34.951,228.455,-10.149,228.455
1612,1,35.314,49.765,113.122,-14.451,113.122
1613,1,-7.166,-8.423,0.417,1.257,0.417
1613,2,37.828,59.942,134.608,-22.114,134.608
1614,1,102.384,180.194,111.481,-77.81,111.481
1616,1,-0.06,-0.089,11.772,0.03,11.772
1616,2,-11.447,-12.451,523.27,1.004,523.27
1616,3,40.652,64.418,67.845,-23.765,67.845
1619,1,44.37,65.121,25.057,-20.751,25.057
1620,1,83.568,112.88,47.286,-29.312,47.286
1625,1,48.96,68.995,3.956,-20.035,3.956
1625,2,135.841,195.4,162.42,-59.559,162.42
1626,1,241.589,333.391,-0.49,-91.802,-0.49
1628,1,46.567,66.984,7.649,-20.417,7.649
1628,2,56.337,87.624,16.883,-31.288,16.883
1630,1,134.886,201.912,13.133,-67.026,13.133
1631,1,75.472,104.151,2.297,-28.679,2.297
1635,1,22.366,32.827,7.304,-10.46,7.304
1635,2,12.895,19.303,4.553,-6.408,4.553
1636,1,41.278,59.376,10.214,-18.098,10.214
1637,1,57.978,83.399,17.181,-25.421,17.181
1640,1,41.385,60.741,12.116,-19.355,12.116
1641,1,103.153,178.531,24.823,-75.379,24.823
1642,1,57.561,84.482,8.505,-26.92,8.505
1643,1,32.299,44.572,44.878,-12.273,44.878
1643,2,388.287,1148.711,2931.904,-760.425,2931.904
1644,1,75.623,108.779,6.281,-33.157,6.281
1644,2,16.888,28.241,36.07,-11.354,36.07
1644,3,48.604,74.176,18.124,-25.572,18.124
1645,1,89.68,129.001,4.238,-39.32,4.238
1645,2,13.089,21.889,66.606,-8.8,66.606
1645,3,68.202,122.027,16.788,-53.825,16.788
1646,1,28.186,42.193,5.243,-14.006,5.243
1646,2,61.171,93.355,30.639,-32.184,30.639
1646,3,39.843,66.628,4.085,-26.786,4.085
1647,1,42.164,61.883,11.28,-19.719,11.28
1647,2,77.894,109.77,17.93,-31.876,17.93
1648,1,48.792,70.185,10.016,-21.393,10.016
1648,2,107.88,180.407,29.148,-72.527,29.148
1650,1,-6.848,-8.849,4.54,2.002,4.54
1650,2,-9.213,-10.829,1.32,1.616,1.32
1651,1,-9.659,-11.353,1.349,1.694,1.349
1654,1,15.411,19.466,13.264,-4.054,13.264
1655,1,-4.117,-4.959,21.993,0.842,21.993
1657,1,-1.111,-1.695,50.177,0.584,50.177
1659,1,38.409,46.268,31.643,-7.859,31.643
1660,1,30.078,45.903,79.59,-15.825,79.59
1660,2,113.404,136.607,21.082,-23.204,21.082
1661,1,3.641,4.386,30.477,-0.745,30.477
1663,1,-8.301,-9.029,0.0,0.728,0.0
1663,2,-13.999,-16.045,205.361,2.046,205.361
1664,1,51.212,87.139,56.591,-35.926,56.591
1664,2,-3.666,-4.63,18.83,0.964,18.83
1665,1,19.414,31.898,60.885,-12.484,60.885
1665,2,-7.432,-9.387,37.245,1.955,37.245
1666,1,305.164,911.719,3687.366,-606.556,3687.366
1666,2,76.248,109.678,25.259,-33.431,25.259
1669,1,-1.616,-2.135,15.965,0.52,15.965
1670,1,6.713,7.302,0.653,-0.589,0.653
1670,2,45.429,54.724,21.99,-9.295,21.99
1671,1,-8.148,-9.101,12.809,0.953,12.809
1671,2,-4.06,-5.483,26.533,1.424,26.533
1682,1,97.894,212.353,455.845,-114.458,455.845
1682,2,16.511,20.855,47.551,-4.344,47.551
1683,1,1.944,2.74,23.944,-0.796,23.944
1684,1,-8.497,-10.732,38.423,2.235,38.423
1685,1,-5.087,-6.426,34.16,1.338,34.16
1686,1,2.855,3.189,2.701,-0.334,2.701
1686,2,-5.073,-6.704,59.137,1.631,59.137
1691,1,-8.36,-10.559,5.32,2.199,5.32
1691,2,-1.711,-2.161,32.208,0.45,32.208
1692,1,39.713,55.965,34.243,-16.252,34.243
1694,1,30.961,44.536,97.796,-13.575,97.796
1695,1,46.467,60.05,46.83,-13.582,46.83
1696,1,14.267,21.356,70.579,-7.089,70.579
1697,1,34.94,59.451,133.436,-24.511,133.436
1697,2,30.357,43.667,55.302,-13.31,55.302
1697,3,177.067,249.527,27.864,-72.46,27.864
1697,4,28.902,39.884,13.087,-10.982,13.087
1699,1,115.26,159.058,92.071,-43.798,92.071
1703,1,-9.489,-11.707,253.005,2.219,253.005
1704,1,27.525,42.812,34.811,-15.287,34.811
1705,1,-3.131,-4.961,80.531,1.83,80.531
1706,1,-15.388,-20.336,3526.055,4.948,3526.055
1706,2,-9.496,-12.549,147.412,3.053,147.412
1706,3,31.776,44.78,6.298,-13.004,6.298
1707,1,-8.612,-10.626,2.002,2.014,2.002
1708,1,-10.191,-12.276,47.079,2.085,47.079
1709,1,-7.285,-9.414,51.17,2.129,51.17
1710,1,157.358,189.555,5.935,-32.197,5.935
1710,2,8.489,11.219,6.137,-2.73,6.137
1710,3,-0.938,-1.268,6.776,0.329,6.776
1720,1,124.667,175.683,49.42,-51.016,49.42
1721,1,63.066,85.187,73.323,-22.121,73.323
1721,2,0.951,1.313,12.808,-0.362,12.808
1724,1,-8.433,-10.158,18.348,1.725,18.348
1724,2,10.185,13.162,6.906,-2.977,6.906
1725,1,92.785,130.755,6.188,-37.97,6.188
1725,2,14.092,18.624,2.434,-4.531,2.434
1726,1,-2.365,-3.401,14.186,1.037,14.186
1728,1,4.28,6.156,18.455,-1.876,18.455
1729,1,9.778,12.636,6.548,-2.858,6.548
1729,2,1.464,2.063,7.088,-0.599,7.088
1730,1,16.194,21.874,13.316,-5.68,13.316
1736,1,-12.43,-13.883,171.366,1.453,171.366
1738,1,55.09,79.244,6.162,-24.154,6.162
1738,2,14.454,20.792,74.782,-6.337,74.782
1738,3,11.412,15.415,0.664,-4.003,0.664
1739,1,41.772,62.529,29.52,-20.757,29.52
1739,2,38.5,57.63,13.61,-19.131,13.61
1739,3,12.612,17.035,3.228,-4.424,3.228
1741,1,-0.737,-1.104,18.374,0.366,18.374
1741,2,141.214,240.278,317.458,-99.064,317.458
1741,3,7.51,10.144,1.617,-2.634,1.617
1743,1,41.203,62.881,11.944,-21.678,11.944
1745,1,7.824,10.798,11.329,-2.973,11.329
1746,1,0.254,0.351,14.493,-0.097,14.493
1748,1,-4.696,-6.068,13.174,1.373,13.174
1749,1,-10.69,-11.315,437.547,0.625,437.547
1752,1,42.373,62.189,40.987,-19.817,40.987
1752,2,-12.66,-13.77,529.955,1.11,529.955
1754,1,-0.697,-0.697,0.0,0.0,0.0
1754,2,211.338,285.468,240.088,-74.129,240.088
1755,1,-0.695,-0.695,0.0,0.0,0.0
1756,1,-0.704,-0.704,0.0,0.0,0.0
1756,2,114.611,184.962,36.224,-70.352,36.224
1757,1,-0.698,-0.698,0.0,0.0,0.0
1759,1,-6.418,-6.793,1.494,0.375,1.494
1759,2,76.749,119.374,24.234,-42.624,24.234
1761,1,8.263,8.746,1.281,-0.483,1.281
1762,1,113.92,167.198,33.315,-53.278,33.315
1762,2,152.201,210.036,45.126,-57.835,45.126
1763,1,50.517,72.666,56.286,-22.149,56.286
1763,2,126.279,174.264,44.097,-47.985,44.097
1764,1,69.344,101.775,71.447,-32.431,71.447
1766,1,-8.291,-12.411,75.402,4.12,75.402
1766,2,58.674,86.115,13.146,-27.441,13.146
1766,3,31.618,44.557,4.455,-12.939,4.455
1766,4,36.433,53.472,6.684,-17.039,6.684
1767,1,-4.351,-4.86,-0.573,0.509,-0.573
1768,1,27.741,39.905,7.245,-12.163,7.245
1768,2,92.537,135.815,5.668,-43.278,5.668
1769,1,156.627,225.3,108.235,-68.673,108.235
1769,2,113.025,189.01,30.344,-75.985,30.344
1769,3,-2.099,-3.019,8.608,0.92,8.608
1774,1,80.495,118.141,9.467,-37.646,9.467
1775,1,61.265,82.754,27.667,-21.489,27.667
1775,2,6.981,9.633,8.208,-2.653,8.208
1776,1,40.55,59.514,4.307,-18.964,4.307
1776,2,23.715,38.273,43.136,-14.557,43.136
1776,3,81.166,119.126,9.574,-37.96,9.574
1777,1,105.296,182.242,11.26,-76.945,11.26
1777,2,28.669,39.563,0.473,-10.894,0.473
1777,3,7.277,10.254,10.941,-2.978,10.941
1780,1,46.682,68.514,9.373,-21.832,9.373
1780,2,-2.556,-3.602,6.867,1.046,6.867
1781,1,124.972,194.378,39.61,-69.406,39.61
1782,1,13.392,19.655,6.163,-6.263,6.163
1782,2,5.828,8.383,7.905,-2.555,7.905
1782,3,186.976,274.422,27.928,-87.445,27.928
1785,1,53.744,89.875,12.863,-36.131,12.863
1785,2,54.735,78.733,9.705,-23.998,9.705
1786,1,218.332,384.26,23.153,-165.928,23.153
1786,2,26.831,38.595,9.528,-11.764,9.528
1791,1,-5.532,-7.311,6.659,1.779,6.659
1791,2,43.538,136.439,1776.992,-92.901,1776.992
1792,1,20.517,30.113,-0.078,-9.596,-0.078
1792,2,-6.551,-8.466,3.679,1.915,3.679
1792,3,29.588,45.155,5.663,-15.567,5.663
1793,1,-5.524,-7.301,4.575,1.776,4.575
1794,1,-5.776,-7.633,2.809,1.857,2.809
1794,2,38.655,56.733,16.098,-18.078,16.098
1796,1,43.338,63.606,4.086,-20.268,4.086
1797,1,-6.529,-8.247,7.567,1.718,7.567
1798,1,-6.498,-8.207,38.176,1.709,38.176
1798,2,-6.714,-8.676,5.615,1.962,5.615
1799,1,31.329,46.897,4.108,-15.568,4.108
1800,1,-5.521,-7.296,5.048,1.775,5.048
1800,2,37.347,51.539,10.704,-14.192,10.704
1801,1,-7.391,-11.496,60.338,4.105,60.338
1802,1,-7.219,-11.018,28.525,3.798,28.525
1803,1,43.479,57.459,81.695,-13.98,81.695
1803,2,-5.066,-7.583,23.445,2.517,23.445
1804,1,45.583,54.909,26.941,-9.327,26.941
1804,2,38.363,76.488,56.579,-38.125,56.579
1805,1,5.13,7.528,41.31,-2.399,41.31
1805,2,67.328,159.823,237.235,-92.495,237.235
1806,1,65.157,137.53,85.466,-72.373,85.466
1806,2,-3.487,-11.031,2397.652,7.543,2397.652
1807,1,49.316,95.445,57.204,-46.129,57.204
1808,1,51.401,94.973,47.346,-43.571,47.346
1809,1,110.798,182.047,50.995,-71.249,50.995
1809,2,-6.732,-10.077,71.217,3.345,71.217
1811,1,77.921,159.916,39.919,-81.995,39.919
1815,1,-11.202,-13.167,-0.238,1.965,-0.238
1818,1,-8.094,-9.514,7.208,1.42,7.208
1818,2,91.504,155.696,66.646,-64.192,66.646
1818,3,-6.181,-7.265,-0.389,1.084,-0.389
1821,1,-6.02,-7.076,118.474,1.056,118.474
1821,2,-8.731,-9.242,-0.419,0.51,-0.419
1822,1,84.56,151.295,82.248,-66.736,82.248
1822,2,26.114,29.167,19.353,-3.053,19.353
1824,1,-9.92,-10.5,-0.482,0.58,-0.482
1824,2,9.442,16.342,30.888,-6.9,30.888
1827,1,99.863,137.809,38.596,-37.947,38.596
1828,1,10.31,14.529,2.216,-4.219,2.216
1829,1,-9.319,-10.681,13.595,1.362,13.595
1829,2,30.126,42.454,5.253,-12.328,5.253
1830,1,215.871,430.407,402.077,-214.537,402.077
1830,2,59.759,84.213,210.309,-24.455,210.309
1830,3,40.931,67.253,29.808,-26.321,29.808
1831,1,33.217,50.694,12.323,-17.477,12.323
1831,2,17.507,24.671,11.093,-7.164,11.093
1831,3,33.527,47.247,6.958,-13.72,6.958
1832,1,82.44,183.648,126.868,-101.208,126.868
1832,2,44.398,61.269,65.295,-16.871,65.295
1832,3,42.962,60.542,3.304,-17.581,3.304
1833,1,172.052,242.458,8.649,-70.407,8.649
1834,1,25.759,36.299,22.652,-10.541,22.652
1836,1,38.95,52.613,23.352,-13.662,23.352
1837,1,47.834,78.594,55.507,-30.76,55.507
1838,1,21.322,30.048,21.337,-8.726,21.337
1839,1,40.271,54.396,20.521,-14.125,20.521
1840,1,27.782,39.152,25.122,-11.369,25.122
1841,1,31.025,43.721,29.482,-12.696,29.482
1842,1,31.895,44.946,19.285,-13.052,19.285
1843,1,153.901,216.881,34.328,-62.98,34.328
1844,1,86.584,119.484,17.079,-32.901,17.079
1845,1,42.329,55.94,13.653,-13.61,13.653
1846,1,49.682,68.561,20.392,-18.879,20.392
1853,1,1.071,1.385,6.744,-0.313,6.744
1853,2,163.508,211.301,25.722,-47.793,25.722
1855,1,-1.403,-1.772,3.44,0.369,3.44
1856,1,-9.176,-10.785,52.704,1.609,52.704
1858,1,-0.689,-0.689,0.0,0.0,0.0
1858,2,4.468,5.774,7.328,-1.306,7.328
1858,3,-14.942,-16.689,169.59,1.747,169.59
1859,1,-13.523,-15.895,23.145,2.372,23.145
1859,2,25.883,34.962,4.833,-9.079,4.833
1860,1,18.713,25.276,5.578,-6.564,5.578
1860,2,172.78,248.535,3.392,-75.755,3.392
1860,3,-12.389,-14.561,21.56,2.173,21.56
1862,1,13.169,17.789,11.123,-4.619,11.123
1862,2,-14.807,-17.404,183.512,2.597,183.512
1862,3,143.606,193.978,14.173,-50.371,14.173
1862,4,32.991,45.527,15.971,-12.536,15.971
1865,1,-4.411,-5.185,6.318,0.774,6.318
1869,1,22.249,30.054,6.124,-7.804,6.124
1870,1,5.274,7.587,136.514,-2.312,136.514
1871,1,99.279,163.121,227.803,-63.842,227.803
1871,2,4.105,6.145,17.528,-2.04,17.528
1872,1,104.239,186.506,32.47,-82.267,32.47
1872,2,8.918,13.349,31.117,-4.431,31.117
1873,1,28.426,42.551,10.513,-14.125,10.513
1874,1,2.767,3.494,10.125,-0.728,10.125
1874,2,-3.492,-5.636,8.882,2.144,8.882
1875,1,109.954,196.731,85.835,-86.777,85.835
1875,2,4.146,6.207,7.181,-2.06,7.181
1876,1,71.512,102.867,8.288,-31.355,8.288
1878,1,-8.868,-9.904,11.512,1.037,11.512
1878,2,55.87,83.632,6.878,-27.762,6.878
1880,1,38.36,52.936,87.227,-14.576,87.227
1883,1,-0.147,-0.238,11.702,0.091,11.702
1884,1,-10.059,-12.706,538.219,2.646,538.219
1885,1,35.676,52.361,8.132,-16.685,8.132
1885,2,15.206,25.429,10.309,-10.223,10.309
1886,1,42.064,61.736,10.181,-19.672,10.181
1886,2,2.311,3.864,30.387,-1.553,30.387
1887,1,-8.725,-11.276,53.273,2.55,53.273
1888,1,-10.173,-12.551,423.035,2.379,423.035
1891,1,40.554,59.52,43.336,-18.966,43.336
1892,1,10.404,15.573,9.147,-5.17,9.147
1893,1,7.52,11.257,8.523,-3.737,8.523
1894,1,106.352,190.286,36.701,-83.934,36.701
1894,2,23.343,35.624,21.916,-12.281,21.916
1895,1,54.373,79.802,7.035,-25.429,7.035
1895,2,10.059,14.176,12.651,-4.116,12.651
1896,1,70.098,102.881,7.822,-32.783,7.822
1896,2,59.794,84.262,7.101,-24.469,7.101
1899,1,85.291,122.687,1.364,-37.396,1.364
1900,1,109.253,189.09,21.625,-79.837,21.625
1901,1,13.882,19.969,12.059,-6.087,12.059
1901,2,139.006,317.784,23.135,-178.778,23.135
1906,1,44.769,61.781,5.295,-17.012,5.295
1908,1,7.14,12.565,173.46,-5.426,173.46
1911,1,-9.737,-11.444,4.658,1.708,4.658
1925,1,39.302,58.831,141.979,-19.53,141.979
1933,1,99.153,139.728,30.477,-40.575,30.477
1934,1,282.436,398.015,37.734,-115.579,37.734
1934,2,109.085,153.725,47.509,-44.64,47.509
1935,1,93.298,115.115,29.442,-21.817,29.442
1935,2,49.993,71.913,14.174,-21.919,14.174
1936,1,115.68,163.018,147.318,-47.338,147.318
1936,2,16.716,23.557,5.498,-6.841,5.498
1936,3,170.473,245.217,29.616,-74.744,29.616
1937,1,55.271,79.504,28.409,-24.234,28.409
1937,2,36.133,51.975,3.13,-15.842,3.13
1938,1,118.915,153.674,55.017,-34.759,55.017
1939,1,39.971,59.833,19.236,-19.862,19.236
1940,1,47.589,68.455,11.36,-20.865,11.36
1941,1,154.984,254.648,105.924,-99.664,105.924
1941,2,59.599,85.731,26.187,-26.131,26.187
1942,1,69.281,101.682,17.442,-32.401,17.442
1943,1,71.35,104.719,10.077,-33.369,10.077
1943,2,51.487,74.061,12.994,-22.574,12.994
1944,1,12.072,15.954,16.328,-3.882,16.328
1944,2,41.071,60.28,7.147,-19.208,7.147
1944,3,22.764,36.072,7.924,-13.308,7.924
1946,1,32.636,48.853,13.884,-16.217,13.884
1947,1,47.574,69.824,9.413,-22.249,9.413
1947,2,84.38,118.91,12.458,-34.53,12.458
1950,1,17.457,235.924,17.34,-78.317,17.34
1950,2,125.684,191.812,4.351,-66.128,4.351
1955,1,42.059,61.729,7.422,-19.67,7.422
1955,2,15.765,23.599,27.962,-7.834,27.962
1957,1,125.724,184.522,12.363,-58.798,12.363
1957,2,38.047,55.841,5.28,-17.794,5.28
1957,3,175.951,273.668,75.137,-97.718,75.137
1958,1,44.537,65.366,16.359,-20.829,16.359
1958,2,108.426,146.458,40.63,-38.032,40.63
1958,3,32.338,49.352,6.688,-17.014,6.688
1958,4,13.89,20.792,18.721,-6.902,18.721
1959,1,71.524,104.974,5.396,-33.45,5.396
1959,2,41.371,59.511,4.669,-18.139,4.669
1959,3,11.654,18.127,16.049,-6.473,16.049
1960,1,38.894,54.81,40.068,-15.916,40.068
1960,2,-7.579,-9.351,18.971,1.772,18.971
1963,1,-7.947,-12.825,32.65,4.878,32.65
1963,2,127.2,186.689,12.09,-59.489,12.09
1963,3,-4.467,-6.947,11.345,2.481,11.345
1967,1,-4.076,-5.386,2.109,1.31,2.109
1967,2,-3.589,-6.527,63.386,2.938,63.386
1969,1,8.034,10.618,4.479,-2.583,4.479
1969,2,166.983,240.196,37.738,-73.214,37.738
1969,3,4.856,7.411,9.144,-2.555,9.144
1970,1,4.201,5.429,5.239,-1.228,5.239
1971,1,235.303,324.716,90.023,-89.413,90.023
1971,2,-1.621,-2.095,6.659,0.474,6.659
1972,1,41.297,55.783,62.095,-14.485,62.095
1972,2,3.796,4.906,13.747,-1.11,13.747
1973,1,19.908,26.891,40.937,-6.983,40.937
1974,1,33.989,40.944,51.264,-6.955,51.264
1974,2,51.574,72.679,3.37,-21.105,3.37
1974,3,19.213,24.83,5.349,-5.616,5.349
1976,1,16.24,21.936,21.045,-5.696,21.045
1977,1,-16.939,-17.929,358.053,0.99,358.053
1979,1,11.413,15.416,2.107,-4.003,2.107
1982,1,6.977,9.832,4.187,-2.855,4.187
1982,2,35.618,50.193,3.992,-14.576,3.992
1982,3,6.037,8.154,9.041,-2.117,9.041
1983,1,-1.152,-1.488,9.659,0.337,9.659
1984,1,54.086,69.895,11.121,-15.809,11.121
1985,1,6.124,7.914,20.189,-1.79,20.189
1986,1,67.254,96.742,21.181,-29.488,21.181
1986,2,1.318,1.318,0.0,0.0,0.0
1989,1,10.287,13.895,3.447,-3.608,3.447
1990,1,123.758,170.784,18.899,-47.027,18.899
1990,2,206.75,267.183,120.662,-60.433,120.662
1991,1,34.297,57.355,8.995,-23.058,8.995
1991,2,158.587,204.942,94.964,-46.355,94.964
1992,1,-9.461,-11.121,6.869,1.659,6.869
1992,2,139.591,196.714,146.332,-57.123,146.332
1994,1,141.627,207.862,22.288,-66.236,22.288
1994,2,183.813,237.542,258.432,-53.729,258.432
1995,1,-0.442,-0.442,0.0,0.0,0.0
1995,2,37.773,62.063,249.602,-24.29,249.602
1999,1,9.584,13.507,104.055,-3.922,104.055
1999,2,77.624,120.734,22.774,-43.11,22.774
1999,3,18.86,27.681,4.392,-8.82,4.392
2001,1,-7.902,-8.364,0.0,0.462,0.0
2002,1,42.08,60.53,14.533,-18.45,14.533
2002,2,44.655,69.454,7.705,-24.8,7.705
2003,1,43.251,62.214,7.275,-18.963,7.275
2003,2,43.243,62.203,3.774,-18.96,3.774
2004,1,51.645,74.289,6.95,-22.644,6.95
2005,1,43.576,65.229,28.04,-21.653,28.04
2005,2,36.625,53.754,18.195,-17.129,18.195
2005,3,65.385,94.054,4.514,-28.668,4.514
2006,1,58.386,89.105,41.909,-30.719,41.909
2006,2,39.853,56.161,5.605,-16.309,5.605
2007,1,64.273,92.453,7.655,-28.18,7.655
2008,1,42.947,61.777,6.022,-18.83,6.022
2009,1,51.407,75.449,4.595,-24.042,4.595
2010,1,143.031,314.443,85.359,-171.412,85.359
2014,1,89.492,128.73,11.348,-39.238,11.348
2014,2,28.877,40.694,5.284,-11.817,5.284
2015,1,44.6,73.28,20.179,-28.68,20.179
2015,2,76.527,107.843,5.42,-31.316,5.42
2021,1,53.19,90.504,8.268,-37.314,8.268
2023,1,109.266,153.98,23.9,-44.714,23.9
2025,1,-8.709,-10.746,149.448,2.037,149.448
2026,1,-8.307,-9.764,416.789,1.457,416.789
2027,1,-7.42,-10.023,97.946,2.603,97.946
2027,2,-3.419,-4.518,19.883,1.099,19.883
2028,1,-9.314,-12.037,122.104,2.723,122.104
2030,1,44.825,56.617,23.657,-11.792,23.657
2030,2,-9.098,-12.29,76.624,3.191,76.624
2032,1,2.791,4.342,44.044,-1.55,44.044
2033,1,-3.357,-5.417,58.0,2.06,58.0
2035,1,37.759,52.106,11.995,-14.348,11.995
2035,2,4.725,7.072,31.723,-2.348,31.723
2037,1,-6.462,-9.485,58.61,3.022,58.61
2038,1,57.238,68.95,179.086,-11.712,179.086
2040,1,-8.524,-12.012,71.998,3.488,71.998
2040,2,-7.026,-7.642,0.382,0.616,0.382
2042,1,44.642,61.605,28.216,-16.963,28.216
2042,2,5.026,7.817,51.086,-2.791,51.086
2042,3,83.249,117.316,44.402,-34.067,44.402
2043,1,-10.099,-11.575,234.535,1.476,234.535
2043,2,60.44,76.34,24.985,-15.9,24.985
2044,1,46.032,54.105,3.776,-8.073,3.776
2044,2,-7.557,-8.882,6.494,1.325,6.494
2045,1,8.84,10.39,-0.305,-1.55,-0.305
2045,2,-8.088,-9.506,5.046,1.418,5.046
2045,3,12.946,22.028,18.49,-9.082,18.49
2047,1,-8.433,-9.912,2.107,1.479,2.107
2048,1,-8.706,-10.233,31.483,1.527,31.483
2051,1,37.822,53.299,5.371,-15.477,5.371
2051,2,-10.354,-12.17,74.608,1.816,74.608
2052,1,-8.28,-9.248,8.335,0.968,8.335
2053,1,-6.16,-7.6,2.185,1.44,2.185
2054,1,-0.681,-0.681,0.0,0.0,0.0
2055,1,15.116,23.07,37.737,-7.953,37.737
2055,2,-0.69,-0.69,0.0,0.0,0.0
2056,1,-0.429,-0.429,0.0,0.0,0.0
2057,1,6.164,6.164,0.0,0.0,0.0
2057,2,52.279,78.257,34.391,-25.978,34.391
2057,3,89.363,131.156,6.11,-41.793,6.11
2058,1,-0.576,-0.576,0.0,0.0,0.0
2059,1,5.734,5.734,0.0,0.0,0.0
2060,1,-3.858,-4.872,34.417,1.015,34.417
2060,2,-0.523,-0.523,0.0,0.0,0.0
2060,3,39.555,55.742,5.131,-16.187,5.131
2061,1,-4.973,-6.573,34.039,1.599,34.039
2062,1,4.495,7.385,7.3,-2.89,7.3
2062,2,15.079,24.776,4.686,-9.697,4.686
2063,1,34.277,56.319,5.841,-22.042,5.841
2065,1,20.876,29.419,5.339,-8.543,5.339
2065,2,72.477,119.083,27.331,-46.607,27.331
2066,1,155.933,306.345,607.883,-150.412,607.883
2066,2,191.348,303.21,5.116,-111.862,5.116
2067,1,2.574,3.327,23.412,-0.752,23.412
2068,1,-10.42,-12.247,13.117,1.827,13.117
2068,2,45.468,58.758,13.692,-13.29,13.692
2069,1,11.569,15.965,2.762,-4.396,2.762
2070,1,-8.263,-12.128,20.571,3.865,20.571
2070,2,64.33,94.416,6.326,-30.086,6.326
2072,1,-5.354,-7.702,40.733,2.348,40.733
2072,2,61.356,86.465,26.634,-25.108,26.634
2073,1,-6.624,-7.592,2.24,0.968,2.24
2074,1,-10.488,-12.02,399.268,1.533,399.268
2074,2,39.239,55.297,21.63,-16.057,21.63
2076,1,-9.52,-10.912,258.264,1.391,258.264
2077,1,-6.588,-7.551,42.647,0.963,42.647
2078,1,81.203,119.18,13.036,-37.977,13.036
2079,1,83.978,123.253,25.94,-39.275,25.94
2080,1,15.507,20.493,11.068,-4.986,11.068
2082,1,76.866,108.321,4.485,-31.455,4.485
2084,1,78.656,115.441,7.938,-36.786,7.938
2084,2,76.085,107.22,11.593,-31.135,11.593
2085,1,18.527,26.65,8.965,-8.123,8.965
2086,1,34.531,48.662,12.344,-14.131,12.344
2086,2,29.616,39.138,8.97,-9.522,8.97
2091,1,52.152,76.542,13.291,-24.39,13.291
2091,2,9.361,13.192,4.725,-3.831,4.725
2092,1,66.546,99.614,36.299,-33.067,36.299
2092,2,83.693,117.943,7.654,-34.249,7.654
2093,1,-10.328,-11.535,833.952,1.208,833.952
2093,2,22.628,29.903,2.542,-7.276,2.542
2094,1,-8.548,-9.548,366.315,0.999,366.315
2095,1,-9.108,-10.705,449.945,1.597,449.945
2096,1,-8.551,-10.051,370.202,1.5,370.202
2097,1,-7.592,-8.923,427.521,1.331,427.521
2099,1,-9.669,-11.93,27.579,2.261,27.579
2100,1,-8.603,-10.363,18.38,1.76,18.38
2101,1,11.578,16.993,13.826,-5.415,13.826
2101,2,12.841,19.972,37.727,-7.131,37.727
2101,3,-1.158,-1.699,4.637,0.541,4.637
2102,1,11.154,17.022,11.298,-5.868,11.298
2104,1,23.001,29.724,129.305,-6.723,129.305
2105,1,-1.521,-1.921,27.595,0.4,27.595
2105,2,2.243,3.685,7.649,-1.442,7.649
2106,1,-3.23,-4.647,23.691,1.416,23.691
2106,2,152.433,335.113,438.971,-182.68,438.971
2108,1,-6.3,-8.141,47.586,1.841,47.586
2108,2,165.226,252.157,6.317,-86.932,6.317
2110,1,32.63,45.029,7.252,-12.399,7.252
2110,2,166.949,298.706,287.074,-131.758,287.074
2111,1,-6.877,-9.491,22.585,2.613,22.585
2111,2,167.92,241.545,31.797,-73.625,31.797
2112,1,-7.39,-8.902,317.85,1.512,317.85
2112,2,30.456,44.7,6.419,-14.244,6.419
2113,1,27.042,44.431,8.026,-17.39,8.026
2113,2,23.727,36.21,6.266,-12.484,6.266
2117,1,11.401,14.734,10.191,-3.333,10.191
2122,1,68.0,99.802,18.89,-31.802,18.89
2123,1,81.152,114.361,10.507,-33.209,10.507
2124,1,22.899,30.261,12.198,-7.363,12.198
2126,1,188.771,243.948,35.725,-55.178,35.725
2127,1,277.193,374.421,46.545,-97.228,46.545
2128,1,25.988,38.901,7.164,-12.914,7.164
2128,2,13.896,20.394,6.962,-6.499,6.962
2129,1,14.686,21.126,14.404,-6.439,14.404
2129,2,18.421,27.036,7.911,-8.615,7.911
2132,1,-8.102,-9.996,6.433,1.895,6.433
2133,1,5.622,8.744,16.717,-3.122,16.717
2133,2,29.988,44.013,6.99,-14.025,6.99
2134,1,12.988,19.442,11.024,-6.454,11.024
2134,2,21.818,34.573,9.295,-12.755,9.295
2139,1,29.542,41.631,32.291,-12.089,32.291
2140,1,131.659,208.627,6.846,-76.968,6.846
2140,2,71.271,104.603,4.233,-33.332,4.233
2142,1,19.898,29.786,20.186,-9.888,20.186
2142,2,28.982,42.536,5.545,-13.554,5.545
2142,3,16.616,25.844,10.149,-9.228,10.149
2145,1,10.06,15.647,11.222,-5.587,11.222
2146,1,6.281,9.035,31.343,-2.754,31.343
2146,2,18.033,24.358,1.895,-6.325,1.895
2146,3,16.788,24.64,7.154,-7.852,7.154
2149,1,-9.348,-10.442,-0.195,1.093,-0.195
2150,1,49.945,73.303,4.049,-23.358,4.049
2152,1,139.563,212.992,9.033,-73.429,9.033
2153,1,86.284,131.681,4.751,-45.397,4.751
2154,1,125.816,192.012,13.536,-66.197,13.536
2154,2,-9.072,-10.663,0.744,1.591,0.744
2154,3,131.371,250.411,1332.919,-119.039,1332.919
2154,4,6.314,10.374,7.307,-4.06,7.307
2157,1,184.953,271.451,13.87,-86.499,13.87
2163,1,267.298,439.187,1567.447,-171.889,1567.447
2163,2,-7.905,-9.06,1.168,1.155,1.168
2163,3,72.85,106.92,2.403,-34.07,2.403
2164,1,-0.373,-0.373,0.0,0.0,0.0
2164,2,-2.485,-2.776,3.237,0.291,3.237
2164,3,6.877,8.485,11.714,-1.608,11.714
2165,1,-0.469,-0.469,0.0,0.0,0.0
2166,1,-0.278,-0.278,0.0,0.0,0.0
2167,1,-0.698,-0.698,0.0,0.0,0.0
2168,1,-0.703,-0.703,0.0,0.0,0.0
2170,1,-4.846,-6.263,9.692,1.417,9.692
2170,2,9.612,9.612,0.0,0.0,0.0
2170,3,-5.035,-5.918,0.853,0.883,0.853
2171,1,-0.694,-0.694,0.0,0.0,0.0
2173,1,5.938,5.938,0.0,0.0,0.0
2173,2,204.291,437.176,1169.0,-232.885,1169.0
2174,1,10.797,10.797,0.0,0.0,0.0
2174,2,150.488,203.273,23.563,-52.785,23.563
2174,3,-5.487,-6.45,0.311,0.962,0.311
2175,1,-0.701,-0.701,0.0,0.0,0.0
2176,1,-0.661,-0.661,0.0,0.0,0.0
2176,2,-8.9,-9.941,0.09,1.041,0.09
2177,1,-0.58,-0.58,0.0,0.0,0.0
2178,1,-0.566,-0.566,0.0,0.0,0.0
2179,1,-0.596,-0.596,0.0,0.0,0.0
2180,1,252.95,371.25,55.684,-118.3,55.684
2180,2,7.911,7.911,0.0,0.0,0.0
2181,1,104.367,131.823,45.832,-27.456,45.832
2181,2,41.569,53.719,1.909,-12.151,1.909
2181,3,30.883,46.229,22.175,-15.346,22.175
2181,4,30.851,62.414,-0.445,-31.563,-0.445
2183,1,-3.193,-3.193,0.685,0.0,0.685
2183,2,-8.422,-9.899,1.184,1.477,1.184
2184,1,-2.815,-4.79,667.634,1.975,667.634
2185,1,584.007,1044.912,3843.775,-460.904,3843.775
2185,2,-0.391,-0.459,1.943,0.069,1.943
2188,1,505.755,742.286,1216.786,-236.531,1216.786
2189,1,372.045,578.668,3365.364,-206.623,3365.364
2190,1,147.124,198.73,1229.41,-51.605,1229.41
2191,1,-5.064,-6.1,-0.459,1.036,-0.459
2191,2,0.824,1.113,24.933,-0.289,24.933
2192,1,215.788,354.552,300.58,-138.765,300.58
2192,2,22.664,29.288,31.643,-6.625,31.643
2194,1,-9.007,-10.586,0.314,1.58,0.314
2195,1,17.209,24.251,37.518,-7.042,37.518
2197,1,-5.029,-5.911,-0.386,0.882,-0.386
2197,2,115.627,149.424,22.153,-33.798,22.153
2197,3,-11.5,-14.862,28.446,3.361,28.446
2201,1,319.128,496.362,452.617,-177.234,452.617
2201,2,0.095,0.134,60.782,-0.039,60.782
2205,1,-4.756,-6.424,19.337,1.668,19.337
2206,1,9.225,13.0,1.753,-3.775,1.753
2206,2,32.998,40.714,30.697,-7.716,30.697
2211,1,76.745,108.151,29.452,-31.406,29.452
2211,2,-8.074,-9.254,0.477,1.18,0.477
2216,1,4.087,5.043,11.164,-0.956,11.164
2216,2,-0.498,-0.498,0.0,0.0,0.0
2217,1,-0.697,-0.697,0.0,0.0,0.0
2218,1,-0.7,-0.7,0.0,0.0,0.0
2219,1,5.721,5.721,0.0,0.0,0.0
2220,1,-0.557,-0.557,0.0,0.0,0.0
2221,1,-0.703,-0.703,0.0,0.0,0.0
2222,1,9.986,9.986,0.0,0.0,0.0
2222,2,8.766,11.328,5.019,-2.562,5.019
2222,3,34.492,50.623,8.985,-16.131,8.985
2223,1,-0.497,-0.497,0.0,0.0,0.0
2223,2,-9.552,-10.668,2.779,1.117,2.779
2224,1,0.561,0.561,0.0,0.0,0.0
2225,1,7.102,7.102,0.0,0.0,0.0
2225,2,7.258,10.228,69.344,-2.97,69.344
2225,3,49.31,63.724,12.767,-14.413,12.767
2226,1,7.768,7.768,0.0,0.0,0.0
2228,1,80.857,123.399,19.091,-42.542,19.091
2230,1,173.193,244.067,11.681,-70.874,11.681
2231,1,8.028,11.313,28.032,-3.285,28.032
2231,2,-21.045,-21.66,2643.936,0.615,2643.936
2231,3,-9.047,-9.841,0.962,0.793,0.962
2237,1,-12.065,-13.476,500.306,1.411,500.306
2237,2,164.614,222.354,-0.627,-57.74,-0.627
2237,3,51.905,79.214,5.872,-27.309,5.872
2238,1,22.052,31.076,17.896,-9.024,17.896
2239,1,40.398,59.291,6.499,-18.893,6.499
2241,1,30.677,50.404,6.347,-19.727,6.347
2241,2,55.586,84.833,5.283,-29.246,5.283
2241,3,95.715,120.894,27.146,-25.18,27.146
2242,1,18.134,26.615,4.728,-8.481,4.728
2243,1,172.492,217.869,37.583,-45.377,37.583
2243,2,30.739,45.115,4.579,-14.376,4.579
2244,1,75.53,110.854,3.269,-35.324,3.269
2245,1,40.449,54.637,25.95,-14.188,25.95
2245,2,11.881,17.438,14.065,-5.557,14.065
2247,1,118.053,162.911,2.878,-44.859,2.878
2248,1,83.567,115.322,7.693,-31.755,7.693
2249,1,5.84,8.059,7.978,-2.219,7.978
2252,1,40.804,59.887,8.343,-19.083,8.343
2252,2,114.385,174.568,16.614,-60.183,16.614
2253,1,8.688,13.259,6.471,-4.571,6.471
2257,1,77.448,97.822,27.716,-20.374,27.716
2259,1,77.687,118.562,8.418,-40.874,8.418
2259,2,115.335,169.275,9.309,-53.94,9.309
2259,3,15.335,23.404,2.733,-8.069,2.733
2264,1,27.476,39.522,21.196,-12.047,21.196
2264,2,15.469,22.704,10.434,-7.235,10.434
2264,3,-7.401,-9.78,5.69,2.38,5.69
2265,1,72.775,106.81,12.555,-34.035,12.555
2265,2,74.841,116.405,8.568,-41.564,8.568
2265,3,122.159,182.861,4.375,-60.702,4.375
2267,1,6.879,9.492,1.694,-2.614,1.694
2267,2,15.012,22.472,3.333,-7.46,3.333
2268,1,27.398,41.012,3.533,-13.614,3.533
2271,1,-11.466,-13.142,367.858,1.676,367.858
2271,2,70.971,97.939,31.072,-26.968,31.072
2271,3,64.905,93.363,14.099,-28.458,14.099
2271,4,33.116,47.635,5.574,-14.52,5.574
2275,1,29.228,44.607,40.331,-15.378,40.331
2283,1,11.949,17.538,4.649,-5.588,4.649
2283,2,306.251,673.272,331.306,-367.021,331.306
2284,1,97.654,188.995,348.491,-91.341,348.491
2285,1,37.355,54.826,4.073,-17.47,4.073
2285,2,86.11,126.382,4.27,-40.272,4.27
2285,3,271.851,589.699,519.966,-317.848,519.966
2287,1,-4.163,-4.65,1.747,0.487,1.747
2291,1,13.531,19.068,13.774,-5.537,13.774
2292,1,7.163,13.025,2102.278,-5.862,2102.278
2293,1,15.518,24.59,84.641,-9.072,84.641
2294,1,26.352,44.838,11.446,-18.486,11.446
2294,2,154.628,249.543,253.124,-94.915,253.124
2297,1,1.931,2.608,5.437,-0.677,5.437
2299,1,6.937,8.965,11.913,-2.028,11.913
2301,1,15.569,26.036,29.522,-10.467,29.522
2301,2,5.203,7.637,11.844,-2.434,11.844
2301,3,3.352,4.332,2.172,-0.98,2.172
2307,1,15.499,27.278,90.59,-11.779,90.59
2308,1,12.086,16.326,16.674,-4.239,16.674
2314,1,7.799,10.079,27.229,-2.28,27.229
2316,1,57.523,81.063,10.138,-23.54,10.138
2316,2,32.825,65.448,1.296,-32.623,1.296
2316,3,44.742,63.052,14.452,-18.309,14.452
2317,1,24.224,31.305,8.284,-7.081,8.284
2318,1,-6.774,-8.753,2.403,1.98,2.403
2318,2,9.615,11.863,10.953,-2.248,10.953
2320,1,34.453,48.552,56.231,-14.099,56.231
2323,1,65.776,81.158,-0.84,-15.381,-0.84
2323,2,72.495,91.566,16.251,-19.071,16.251
2324,1,-8.933,-9.977,2.103,1.044,2.103
2324,2,-5.62,-7.919,13.81,2.3,13.81
2324,3,12.812,16.932,13.693,-4.12,13.693
2327,1,90.147,105.957,18.375,-15.81,18.375
2330,1,72.937,98.52,46.32,-25.583,46.32
2331,1,0.68,0.878,9.44,-0.199,9.44
2333,1,64.662,89.232,21.072,-24.571,21.072
2334,1,-4.228,-5.34,0.591,1.112,0.591
2336,1,4.506,6.35,86.901,-1.844,86.901
2338,1,-11.286,-12.276,599.578,0.99,599.578
2342,1,11.873,16.037,84.133,-4.165,84.133
2343,1,-5.821,-8.204,88.714,2.382,88.714
2343,2,55.256,77.867,0.812,-22.612,0.812
2343,3,-4.571,-5.773,5.405,1.202,5.405
2344,1,-12.601,-14.81,1058.977,2.21,1058.977
2344,2,-10.271,-11.472,22.606,1.201,22.606
2345,1,-9.556,-10.673,0.978,1.117,0.978
2345,2,-7.948,-10.271,170.004,2.323,170.004
2346,1,-8.55,-10.05,256.307,1.5,256.307
2347,1,-13.755,-16.167,562.697,2.412,562.697
2348,1,-11.134,-13.412,617.381,2.278,617.381
2349,1,-9.547,-11.221,3.156,1.674,3.156
2349,2,-11.07,-13.659,435.653,2.589,435.653
2350,1,-10.134,-12.503,465.568,2.37,465.568
2350,2,-7.296,-8.149,1.522,0.853,1.522
2350,3,62.566,99.142,-0.08,-36.576,-0.08
2351,1,-12.029,-16.248,582.462,4.219,582.462
2351,2,-3.574,-4.827,-0.385,1.253,-0.385
2352,1,-13.447,-17.377,497.614,3.931,497.614
2354,1,-10.586,-13.371,434.511,2.785,434.511
2356,1,-7.517,-8.616,1.797,1.099,1.797
2356,2,4.524,7.698,10.545,-3.174,10.545
2357,1,20.293,32.157,16.776,-11.864,16.776
2359,1,-3.688,-4.658,-0.886,0.97,-0.886
2359,2,167.902,266.058,603.752,-98.156,603.752
2361,1,52.307,73.713,16.045,-21.405,16.045
2361,2,-7.097,-8.964,11.655,1.867,11.655
2362,1,-9.808,-11.241,0.59,1.433,0.59
2362,2,83.737,140.033,197.318,-56.296,197.318
2365,1,-7.896,-10.435,10.338,2.539,10.338
2365,2,103.472,151.864,337.448,-48.392,337.448
2367,1,-6.572,-8.685,24.506,2.113,24.506
2367,2,117.405,196.335,337.556,-78.93,337.556
2368,1,81.902,151.328,179.539,-69.426,179.539
2369,1,82.052,122.824,30.553,-40.772,30.553
2369,2,52.414,87.652,272.334,-35.237,272.334
2370,1,-10.136,-11.913,3.403,1.778,3.403
2370,2,-3.338,-3.338,0.326,0.0,0.326
2371,1,4.675,6.998,31.568,-2.323,31.568
2371,2,-7.5,-9.912,10.991,2.412,10.991
2372,1,-9.496,-12.55,62.742,3.053,62.742
2372,2,35.871,53.696,20.931,-17.825,20.931
2374,1,29.779,42.835,3.936,-13.056,3.936
2374,2,35.397,52.987,26.291,-17.589,26.291
2377,1,-7.697,-10.172,11.815,2.475,11.815
2381,1,38.267,53.927,87.005,-15.66,87.005
2381,2,-9.748,-11.743,46.522,1.995,46.522
2382,1,25.818,37.138,17.467,-11.32,17.467
2382,2,13.943,20.464,34.267,-6.521,34.267
2382,3,25.685,37.698,7.418,-12.013,7.418
2382,4,-11.261,-14.553,107.542,3.292,107.542
2384,1,34.909,51.235,78.792,-16.326,78.792
2385,1,39.058,59.608,56.958,-20.55,56.958
2386,1,149.623,245.84,22.258,-96.217,22.258
2386,2,46.775,71.385,50.213,-24.61,50.213
2386,3,171.103,256.125,13.215,-85.023,13.215
2386,4,72.058,107.865,38.935,-35.806,38.935
2387,1,-10.293,-10.895,727.377,0.602,727.377
2388,1,45.114,67.532,25.528,-22.418,25.528
2388,2,-8.235,-9.198,11.471,0.963,11.471
2390,1,18.617,27.323,5.527,-8.707,5.527
2390,2,45.755,61.804,4.572,-16.049,4.572
2391,1,17.476,26.671,6.295,-9.195,6.295
2391,2,85.607,120.639,16.207,-35.032,16.207
2392,1,135.959,191.596,13.179,-55.637,13.179
2394,1,207.192,370.711,781.134,-163.518,781.134
2395,1,107.269,166.842,16.613,-59.574,16.613
2395,2,31.213,40.336,0.366,-9.124,0.366
2400,1,90.336,124.663,36.875,-34.327,36.875
2400,2,31.259,44.05,177.031,-12.792,177.031
2402,1,70.718,103.791,3.943,-33.073,3.943
2402,2,-8.004,-8.94,-0.298,0.936,-0.298
2402,3,60.036,88.113,0.932,-28.078,0.932
2403,1,55.781,85.13,7.371,-29.349,7.371
2405,1,23.128,33.268,196.285,-10.14,196.285
2406,1,17.473,19.516,4.113,-2.043,4.113
2407,1,-8.334,-9.065,10.391,0.731,10.391
2409,1,-13.097,-16.159,47.399,3.062,47.399
2410,1,-1.029,-1.269,30.608,0.241,30.608
2411,1,-13.641,-18.027,1481.81,4.386,1481.81
2414,1,-5.956,-7.0,1.872,1.045,1.872
2414,2,128.835,166.493,2.087,-37.658,2.087
2415,1,133.249,207.252,2991.888,-74.003,2991.888
2415,2,136.73,160.709,2.9,-23.98,2.9
2416,1,171.551,427.287,659.591,-255.736,659.591
2416,2,113.603,180.016,209.049,-66.412,209.049
2418,1,-0.979,-1.208,1.165,0.229,1.165
2418,2,88.922,120.112,18.499,-31.19,18.499
2421,1,89.288,133.656,34.741,-44.368,34.741
2422,1,-9.69,-11.672,17.688,1.983,17.688
2423,1,22.168,36.423,21.157,-14.255,21.157
2426,1,-9.164,-10.771,-0.529,1.607,-0.529
2426,2,9.07,11.721,15.739,-2.651,15.739
2426,3,26.795,44.025,13.084,-17.231,13.084
2427,1,-8.986,-10.562,0.964,1.576,0.964
2429,1,22.391,31.554,18.454,-9.163,18.454
2429,2,173.668,295.499,20.333,-121.831,20.333
2432,1,3.334,4.893,16.507,-1.559,16.507
2432,2,11.118,14.368,6.518,-3.25,6.518
2433,1,236.69,381.977,98.625,-145.287,98.625
2438,1,-8.166,-9.121,1.346,0.955,1.346
2438,2,129.13,170.649,3.595,-41.519,3.595
