pValue,smiles,data,neg_log10_affinity_M_1,affinity_uM_1,neg_log10_affinity_M_2,affinity_uM_2,neg_log10_affinity_M_3,affinity_uM_3
5.0,Cc1cccc(S(=O)(=O)NCC(c2ccc(C(F)(F)F)cc2)N2CCN(CC(O)COc3ccc(Br)cc3)CC2)c1,CYP2d6_ki,6.8836469650268555,0.13072330970630722,6.8836469650268555,0.13072330970630722,6.8836469650268555,0.13072330970630722
5.0,O=S(=O)(NCC(c1ccc(C(F)(F)F)cc1)N1CCN(CC(O)COc2ccc(F)cc2)CC1)c1ccccc1Cl,CYP2d6_ki,7.1971435546875,0.06351209598969494,7.1971435546875,0.06351209598969494,7.1971435546875,0.06351209598969494
5.52,COc1ccc(OCC(O)CN2CCN(C(CNC(=O)c3ccc(C(F)(F)F)cc3)c3ccccc3)CC2)cc1,CYP2d6_ki,6.614254951477051,0.2430776608879393,6.614254951477051,0.2430776608879393,6.614254951477051,0.2430776608879393
5.16,O=C(NCC(c1ccccc1)N1CCN(CC(O)COc2ccccc2)CC1)c1ccc(F)cc1,CYP2d6_ki,6.867513179779053,0.13567093568527325,6.867513179779053,0.13567093568527325,6.867513179779053,0.13567093568527325
4.52,COc1ccc(OC)c(S(=O)(=O)NCC(c2ccccc2)N2CCN(CC(O)COc3ccc(Br)cc3)CC2)c1,CYP2d6_ki,4.610211372375488,24.535144924722562,4.610211372375488,24.535144924722562,4.610211372375488,24.535144924722562
6.0,Cc1cccc(C)c1OCC(O)CN1CCN(C(C(=O)NCc2ccccc2)c2ccc(C(F)(F)F)cc2)CC1,CYP2d6_ki,6.995504379272461,0.10104053119058604,6.995504379272461,0.10104053119058604,6.995504379272461,0.10104053119058604
5.4,COc1ccc(C(=O)NCC(c2ccccc2)N2CCN(CC(O)COc3ccc(Cl)cc3)CC2)cc1,CYP2d6_ki,5.494447231292725,3.2029692459673034,5.494447231292725,3.2029692459673034,5.494447231292725,3.2029692459673034
5.4,COc1ccc(OCC(O)CN2CCN(C(CNC(=O)c3ccccc3)c3ccccc3)CC2)cc1,CYP2d6_ki,5.346963882446289,4.4981726182397255,5.346963882446289,4.4981726182397255,5.346963882446289,4.4981726182397255
5.3,COc1ccc(OCC(O)CN2CCN(C(C(=O)NCc3ccccc3)c3ccc(F)cc3)CC2)cc1,CYP2d6_ki,5.23381233215332,5.836972777451113,5.23381233215332,5.836972777451113,5.23381233215332,5.836972777451113
5.7,COc1ccc(OCC(O)CN2CCC(N(C(=O)c3ccc(Cl)cc3)c3ccc(F)cc3)CC2)cc1,CYP2d6_ki,5.787680625915527,1.6304946348053628,5.787680625915527,1.6304946348053628,5.787680625915527,1.6304946348053628
6.16,COc1ccc(OCC(O)CN2CCC(N(C(=O)c3ccc(OC)cc3)c3ccccc3)CC2)cc1,CYP2d6_ki,5.288805961608887,5.14273372412284,5.288805961608887,5.14273372412284,5.288805961608887,5.14273372412284
6.0,COc1ccc(OCC(O)CN2CCC(N(C(=O)c3ccc(Cl)cc3)c3ccccc3)CC2)cc1,CYP2d6_ki,5.569069862365723,2.6973054980790474,5.569069862365723,2.6973054980790474,5.569069862365723,2.6973054980790474
5.52,COc1ccc(CNC(=O)C(c2ccc(F)cc2)N2CCN(CC(O)COc3c(C)cccc3C)CC2)cc1,CYP2d6_ki,6.9752421379089355,0.10586633101359812,6.9752421379089355,0.10586633101359812,6.9752421379089355,0.10586633101359812
5.1,COc1ccc(OCC(O)CN2CCN(C(CNC(=O)c3ccc(OC)cc3)c3ccccc3)CC2)cc1,CYP2d6_ki,4.995698928833008,10.099527851184742,4.995698928833008,10.099527851184742,4.995698928833008,10.099527851184742
5.16,COc1ccccc1C(=O)NCC(c1ccccc1)N1CCN(CC(O)COc2ccc(Cl)cc2)CC1,CYP2d6_ki,4.7819390296936035,16.52193732300413,4.7819390296936035,16.52193732300413,4.7819390296936035,16.52193732300413
5.52,COc1ccc(OCC(O)CN2CCC(N(C(=O)c3ccc(OC)cc3)c3ccc(F)cc3)CC2)cc1,CYP2d6_ki,5.66616678237915,2.156915928320591,5.66616678237915,2.156915928320591,5.66616678237915,2.156915928320591
5.7,COc1ccc(OCC(O)CN2CCN(C(C(=O)NCc3ccccc3)c3ccc(C(F)(F)F)cc3)CC2)cc1,CYP2d6_ki,5.861913681030273,1.3743151023033962,5.861913681030273,1.3743151023033962,5.861913681030273,1.3743151023033962
5.7,COc1ccc(OCC(O)CN2CCC(N(C(=O)c3ccccc3)c3ccccc3)CC2)cc1,CYP2d6_ki,4.980373382568359,10.462286712628385,4.980373382568359,10.462286712628385,4.980373382568359,10.462286712628385
5.3,COc1ccc(CNC(=O)C(c2ccc(OC)cc2)N2CCN(CC(O)COc3c(C)cccc3C)CC2)cc1,CYP2d6_ki,6.493382930755615,0.3210828204507624,6.493382930755615,0.3210828204507624,6.493382930755615,0.3210828204507624
5.1,COc1ccc(OCC(O)CN2CCN(C(CNC(=O)c3ccccc3OC)c3ccccc3)CC2)cc1,CYP2d6_ki,5.195505142211914,6.375215324926975,5.195505142211914,6.375215324926975,5.195505142211914,6.375215324926975
6.0,COc1ccc(OCC(O)CN2CCC(N(C(=O)c3ccccc3)c3ccc(F)cc3)CC2)cc1,CYP2d6_ki,5.793006420135498,1.610621825327543,5.793006420135498,1.610621825327543,5.793006420135498,1.610621825327543
5.4,COc1ccc(OCC(O)CN2CCN(C(C(=O)NCc3ccccc3)c3ccc(C)cc3)CC2)cc1,CYP2d6_ki,5.232738494873047,5.851423143982741,5.232738494873047,5.851423143982741,5.232738494873047,5.851423143982741
7.0,C=CCOCC(O)CN1CCN(C(c2ccccc2)c2ccc(Cl)cc2)CC1,CYP2d6_ki,6.003425598144531,0.9921432952998492,6.003425598144531,0.9921432952998492,6.003425598144531,0.9921432952998492
5.7,Cc1cccc(C)c1OCC(O)CN1CCN(C(C(=O)NCc2ccccc2)c2ccc(F)cc2)CC1,CYP2d6_ki,5.716803073883057,1.9195389374522196,5.716803073883057,1.9195389374522196,5.716803073883057,1.9195389374522196
5.52,COc1ccc(OCC(O)CN2CCN(C(CNC(=O)c3ccc(F)cc3)c3ccccc3)CC2)cc1,CYP2d6_ki,4.978756427764893,10.501312252094653,4.978756427764893,10.501312252094653,4.978756427764893,10.501312252094653
5.7,Cc1ccc(C(C(=O)NCc2ccccc2)N2CCN(CC(O)COc3c(C)cccc3C)CC2)cc1,CYP2d6_ki,5.699532508850098,1.9974112478388633,5.699532508850098,1.9974112478388633,5.699532508850098,1.9974112478388633
6.0,O=C(NCC(c1ccccc1)N1CCN(CC(O)COc2ccc(Cl)cc2)CC1)c1ccc(C(F)(F)F)cc1,CYP2d6_ki,6.4296770095825195,0.3718116474226613,6.4296770095825195,0.3718116474226613,6.4296770095825195,0.3718116474226613
6.22,OC(COc1ccccc1)CN1CCN(C(c2ccccc2)c2ccc(C(F)(F)F)cc2)CC1,CYP2d6_ki,7.162874221801758,0.0687267454160789,7.162874221801758,0.0687267454160789,7.162874221801758,0.0687267454160789
5.52,COc1ccc(CNC(=O)C(c2ccc(C)cc2)N2CCN(CC(O)COc3c(C)cccc3C)CC2)cc1,CYP2d6_ki,6.775112628936768,0.1678368697381532,6.775112628936768,0.1678368697381532,6.775112628936768,0.1678368697381532
5.7,COc1ccc(CNC(=O)C(c2ccc(C(F)(F)F)cc2)N2CCN(CC(O)COc3c(C)cccc3C)CC2)cc1,CYP2d6_ki,7.730683326721191,0.018591595991139624,7.730683326721191,0.018591595991139624,7.730683326721191,0.018591595991139624
5.4,COc1ccc(CNC(=O)C(c2ccc(C(F)(F)F)cc2)N2CCN(CC(O)COc3ccc(OC)cc3)CC2)cc1,CYP2d6_ki,6.813767433166504,0.1535438997826838,6.813767433166504,0.1535438997826838,6.813767433166504,0.1535438997826838
5.16,COc1ccc(CNC(=O)C(c2ccc(F)cc2)N2CCN(CC(O)COc3ccc(OC)cc3)CC2)cc1,CYP2d6_ki,5.9916887283325195,1.0193217042401337,5.9916887283325195,1.0193217042401337,5.9916887283325195,1.0193217042401337
5.96,CCC1(c2ccncc2)CCC(=O)NC1=O,CYP2d6_ki,5.020502090454102,9.538891513342357,5.020502090454102,9.538891513342357,5.020502090454102,9.538891513342357
8.0,C[C@]12C=CC(=O)C=C1C[C@@H](Sc1ccc(N)cc1)[C@@H]1[C@@H]2CC[C@]2(C)C(=O)CC[C@@H]12,CYP2d6_ki,6.641518592834473,0.2282871189256566,6.641518592834473,0.2282871189256566,6.641518592834473,0.2282871189256566
8.4,C#CC[C@]12CCC(=O)C=C1CC[C@@H]1[C@@H]2CC[C@]2(C)C(=O)CC[C@@H]12,CYP2d6_ki,4.979215621948242,10.49021472887834,4.979215621948242,10.49021472887834,4.979215621948242,10.49021472887834
5.95,C[C@]12CCC3C(CCC4=CC(=O)CC[C@@]43C(O)CBr)C1CCC2=O,CYP2d6_ki,6.285251140594482,0.5185001178136618,6.285251140594482,0.5185001178136618,6.285251140594482,0.5185001178136618
4.46,C[C@]12C=CC(=O)C=C1CC[C@@H]1[C@@H]2CC[C@]2(C)OC(=O)CC[C@@H]12,CYP2d6_ki,4.609767436981201,24.560237548490896,4.609767436981201,24.560237548490896,4.609767436981201,24.560237548490896
7.2,C[C@]12CCC3C(CCC4=CC(=O)CC[C@@]43C(O)CCl)C1CCC2=O,CYP2d6_ki,6.311352729797363,0.48825564172762476,6.311352729797363,0.48825564172762476,6.311352729797363,0.48825564172762476
7.16,C[C@]12CCC3C(CCC4=CC(=O)[C@H]5CC[C@]43C5)C1CCC2=O,CYP2d6_ki,6.4469475746154785,0.3573159685559312,6.4469475746154785,0.3573159685559312,6.4469475746154785,0.3573159685559312
6.06,C[C@]12CCC3C(CCC4=CC(=O)[C@H]5C[C@@H](O)[C@]43C5)C1CCC2=O,CYP2d6_ki,6.553884029388428,0.2793289639938561,6.553884029388428,0.2793289639938561,6.553884029388428,0.2793289639938561
7.78,C[C@]12CCC(=O)C=C1C[C@@H](CCc1ccccc1)[C@@H]1[C@@H]2CC[C@]2(C)C(=O)CC[C@@H]12,CYP2d6_ki,6.078425884246826,0.8347839985462383,6.078425884246826,0.8347839985462383,6.078425884246826,0.8347839985462383
7.96,C[C@]12CCC3C(CCC4=CC(=O)CC[C@@]43C(O)CI)C1CCC2=O,CYP2d6_ki,6.285020351409912,0.5187757280861742,6.285020351409912,0.5187757280861742,6.285020351409912,0.5187757280861742
7.88,C[C@]12CCC(=O)C=C1C[C@@H](Cc1ccccc1)[C@@H]1[C@@H]2CC[C@]2(C)C(=O)CC[C@@H]12,CYP2d6_ki,5.68191385269165,2.080109259792665,5.68191385269165,2.080109259792665,5.68191385269165,2.080109259792665
6.72,C[C@]12CCC3C(CCC4=CC(=O)CC[C@@]43C(=O)CBr)C1CCC2=O,CYP2d6_ki,5.872073173522949,1.3425387400600834,5.872073173522949,1.3425387400600834,5.872073173522949,1.3425387400600834
7.99,CC12CCC3C(CCC4=C(O)C(=O)CCC43C)C1CCCC2=O,CYP2d6_ki,6.595675468444824,0.2537023742558629,6.595675468444824,0.2537023742558629,6.595675468444824,0.2537023742558629
6.03,C[C@]12CCC3C(CCC4=CC(=O)[C@H]5C[C@H](O)[C@]43C5)C1CCC2=O,CYP2d6_ki,6.635011672973633,0.23173323638372031,6.635011672973633,0.23173323638372031,6.635011672973633,0.23173323638372031
6.75,COC(=O)[C@@H]1[C@H]2C[C@H]3c4[nH]c5ccccc5c4CCN3C[C@@H]2CC[C@@H]1O,CYP2d6_ki,6.743893146514893,0.18034614085553333,6.743893146514893,0.18034614085553333,6.743893146514893,0.18034614085553333
8.32,CC(C)N1CCC(c2ccccc2)(c2ccccc2)CC1,CYP2d6_ki,5.208112716674805,6.192803263654643,5.208112716674805,6.192803263654643,5.208112716674805,6.192803263654643
6.92,CN1[C@@H](C[C@H](O)c2ccccc2)CCC[C@H]1CC(=O)c1ccccc1,CYP2d6_ki,7.0816192626953125,0.08286683223411707,7.0816192626953125,0.08286683223411707,7.0816192626953125,0.08286683223411707
5.16,CN(C)CCCN1c2ccccc2Sc2ccc(Cl)cc21,CYP2d6_ki,6.844156265258789,0.14316726706361646,6.844156265258789,0.14316726706361646,6.844156265258789,0.14316726706361646
4.6,C=CC1C[N+]2(c3ccccc3)CCC1CC2C(O)c1ccnc2ccc(OC)cc12.[Cl-],CYP2d6_ki,5.65402889251709,2.2180488536928045,5.65402889251709,2.2180488536928045,5.65402889251709,2.2180488536928045
0.0,COc1ccc2[nH]ccc2c1,CYP2d6_ki,4.5399274826049805,28.84513111626109,4.5399274826049805,28.84513111626109,4.5399274826049805,28.84513111626109
7.18,CCC1CN2CCC1CC2[C@H](O)c1ccnc2ccc(OC)cc12,CYP2d6_ki,5.847137451171875,1.4218787012187213,5.847137451171875,1.4218787012187213,5.847137451171875,1.4218787012187213
5.66,COC(=O)C1=CO[C@@H](C)[C@H]2C[n+]3ccc4c([nH]c5ccccc54)c3C[C@H]12,CYP2d6_ki,6.6984381675720215,0.20024506990654167,6.6984381675720215,0.20024506990654167,6.6984381675720215,0.20024506990654167
4.0,COc1ccc2[nH]cc(CCO)c2c1,CYP2d6_ki,5.255944728851318,5.546963027357428,5.255944728851318,5.546963027357428,5.255944728851318,5.546963027357428
4.68,C=C[C@H]1CN2CC[C@H]1C[C@H]2[C@H](O)c1ccnc2ccc(OC)cc12,CYP2d6_ki,7.827413558959961,0.014879435016840428,7.827413558959961,0.014879435016840428,7.827413558959961,0.014879435016840428
5.01,c1ccc2c(c1)[n-]c1c3[n+](ccc12)CC1CCCCC1C3,CYP2d6_ki,4.211363792419434,61.46617775721438,4.211363792419434,61.46617775721438,4.211363792419434,61.46617775721438
7.77,COC(=O)C1=CO[C@H](C)[C@H]2CN3CCc4c([nH]c5ccccc45)[C@@H]3C[C@H]12,CYP2d6_ki,6.117152214050293,0.7635681168890368,6.117152214050293,0.7635681168890368,6.117152214050293,0.7635681168890368
5.96,CC1OC=C(CO)[C@H]2C[C@H]3c4[nH]c5ccccc5c4CCN3CC12,CYP2d6_ki,7.365092754364014,0.043142692506137816,7.365092754364014,0.043142692506137816,7.365092754364014,0.043142692506137816
5.2,O=C(O)[C@H]1[C@H]2C[C@H]3c4[nH]c5ccccc5c4CCN3C[C@@H]2CC[C@H]1O,CYP2d6_ki,7.0655975341796875,0.08598099484427889,7.0655975341796875,0.08598099484427889,7.0655975341796875,0.08598099484427889
7.1,COC(=O)[C@H]1[C@H]2C[C@H]3c4[nH]c5ccccc5c4CCN3C[C@@H]2CC[C@@H]1O,CYP2d6_ki,6.920874118804932,0.11998470310096186,6.920874118804932,0.11998470310096186,6.920874118804932,0.11998470310096186
5.96,COC(=O)C1=CO[C@@H](C)[C@@H]2CN3CCc4c([nH]c5ccccc45)[C@@H]3C[C@H]12,CYP2d6_ki,6.244701862335205,0.5692435752515556,6.244701862335205,0.5692435752515556,6.244701862335205,0.5692435752515556
4.3,COc1ccc2c(c1)[nH]c1c(C)nccc12,CYP2d6_ki,5.251645565032959,5.6021461546870945,5.251645565032959,5.6021461546870945,5.251645565032959,5.6021461546870945
5.55,CCC1CN2CCC1CC2C(O)c1ccnc2ccccc12,CYP2d6_ki,5.7383904457092285,1.8264574296058889,5.7383904457092285,1.8264574296058889,5.7383904457092285,1.8264574296058889
7.1,C=C[C@H]1CN2CC[C@H]1C[C@@H]2[C@@H](O)c1ccnc2ccc(OC)cc12,CYP2d6_ki,7.640109062194824,0.022902924308944143,7.640109062194824,0.022902924308944143,7.640109062194824,0.022902924308944143
5.5,COC(=O)C1=CO[C@@H](C)[C@H]2C=[N+]3CCc4c([nH]c5ccccc45)[C@@H]3C[C@H]12,CYP2d6_ki,6.290462970733643,0.5123149499307695,6.290462970733643,0.5123149499307695,6.290462970733643,0.5123149499307695
6.77,O=C(CCCN1CCC(O)(c2cccc(C(F)(F)F)c2)CC1)c1ccc(F)cc1,CYP2d6_ki,5.732755184173584,1.8503113627203638,5.732755184173584,1.8503113627203638,5.732755184173584,1.8503113627203638
5.02,CCC1CN2CCC1CC2[C@H](O)c1ccnc2ccccc12,CYP2d6_ki,5.528733730316162,2.9598266055229403,5.528733730316162,2.9598266055229403,5.528733730316162,2.9598266055229403
5.54,COC(=O)C1=CNC(C)C2CN3CCc4c([nH]c5ccccc45)[C@@H]3C[C@H]12,CYP2d6_ki,6.080990314483643,0.8298692748248858,6.080990314483643,0.8298692748248858,6.080990314483643,0.8298692748248858
5.46,C=CC1CN2CCC1C[C@H]2[C@H](O)c1ccnc2ccccc12,CYP2d6_ki,5.739521503448486,1.82170687173929,5.739521503448486,1.82170687173929,5.739521503448486,1.82170687173929
6.14,C=CC1CN2CCC1CC2C(=O)c1ccnc2ccc(OC)cc12,CYP2d6_ki,4.930800437927246,11.727341232350328,4.930800437927246,11.727341232350328,4.930800437927246,11.727341232350328
8.48,COC(=O)C1=CO[C@@H](C)[C@H]2CN3CCc4c([nH]c5ccccc45)[C@@H]3C[C@H]12,CYP2d6_ki,6.205676078796387,0.6227646047908002,6.205676078796387,0.6227646047908002,6.205676078796387,0.6227646047908002
4.19,Cc1[nH]ccc2c1[nH]c1cc(=O)ccc12,CYP2d6_ki,5.516210079193115,3.046421002489535,5.516210079193115,3.046421002489535,5.516210079193115,3.046421002489535
7.51,COC(=O)[C@@H]1[C@H]2C[C@H]3c4[nH]c5ccccc5c4CCN3C[C@@H]2CC[C@H]1O,CYP2d6_ki,6.696534156799316,0.2011249009383808,6.696534156799316,0.2011249009383808,6.696534156799316,0.2011249009383808
5.46,C=CC1CN2CCC1C[C@H]2[C@H](O)c1ccnc2ccc(Cl)cc12,CYP2d6_ki,7.297772407531738,0.05037645379480089,7.297772407531738,0.05037645379480089,7.297772407531738,0.05037645379480089
4.07,Cc1nccc2c1[nH]c1ccccc12,CYP2d6_ki,4.92033576965332,12.01335277288209,4.92033576965332,12.01335277288209,4.92033576965332,12.01335277288209
8.15,C[C@]12CCC3C(CCC4=CC(=O)CC[C@]43C3CO3)C1CCC2=O,CYP2d6_ki,6.1205058097839355,0.7576945967220153,6.1205058097839355,0.7576945967220153,6.1205058097839355,0.7576945967220153
7.07,C[C@]12CC[C@H]3[C@@H](CCC4=CC(=O)CC[C@@]43C[C@H]3CO3)[C@@H]1CCC2=O,CYP2d6_ki,8.008918762207031,0.009796732229367812,8.008918762207031,0.009796732229367812,8.008918762207031,0.009796732229367812
9.0,C[C@]12CCC3C(CCC4=CC(=O)CC[C@]43C3CS3)C1CCC2=O,CYP2d6_ki,6.139894962310791,0.7246111920546892,6.139894962310791,0.7246111920546892,6.139894962310791,0.7246111920546892
6.12,C[C@]12CC[C@H]3[C@@H](CCC4=CC(=O)CC[C@@]43C[C@@H]3CO3)[C@@H]1CCC2=O,CYP2d6_ki,8.088051795959473,0.008164849877926308,8.088051795959473,0.008164849877926308,8.088051795959473,0.008164849877926308
7.89,Nc1ccc(SC[C@@H]2CO[C@](CCc3ccc(Cl)cc3)(Cn3ccnc3)O2)cc1,CYP2d6_ki,5.580001354217529,2.6302597902036347,5.580001354217529,2.6302597902036347,5.580001354217529,2.6302597902036347
6.69,C[C@]12CC[C@H]3[C@@H](CCC4=CC(=O)CC[C@@]43C[C@@H]3CS3)[C@@H]1CCC2=O,CYP2d6_ki,8.151224136352539,0.007059531227487391,8.151224136352539,0.007059531227487391,8.151224136352539,0.007059531227487391
7.12,C[C@]12CCC3C(CCC4=CC(=O)CC[C@@]43C3CS3)C1CCC2=O,CYP2d6_ki,6.156180381774902,0.6979424573860914,6.156180381774902,0.6979424573860914,6.156180381774902,0.6979424573860914
7.66,C[C@]12CC[C@H]3[C@@H](CCC4=CC(=O)CC[C@@]43C[C@H]3CS3)[C@@H]1CCC2=O,CYP2d6_ki,8.076249122619629,0.008389785885041636,8.076249122619629,0.008389785885041636,8.076249122619629,0.008389785885041636
7.12,C[C@]12CCC3C(CCC4=CC(=O)CC[C@@]43C3CO3)C1CCC2=O,CYP2d6_ki,6.104902744293213,0.7854114996082221,6.104902744293213,0.7854114996082221,6.104902744293213,0.7854114996082221
7.36,CCCCC[C@H]1CC2C(CCC3(C)C(O)CCC23)C2(C)CCCC=C12,CYP2d6_ki,4.458303451538086,34.80940087581465,4.458303451538086,34.80940087581465,4.458303451538086,34.80940087581465
5.39,CCCCCCCC[C@H]1CC2C3CCC(=O)C3(C)CCC2C2(C)CCCC=C12,CYP2d6_ki,6.257862091064453,0.5522527776856652,6.257862091064453,0.5522527776856652,6.257862091064453,0.5522527776856652
5.58,CCCCCCCC[C@@H]1CC2C3CCC(=O)C3(C)CCC2C2(C)CCCC=C12,CYP2d6_ki,6.290980815887451,0.5117044385876393,6.290980815887451,0.5117044385876393,6.290980815887451,0.5117044385876393
7.0,CCCCC[C@@H]1CC2C(CCC3(C)C(O)CCC23)C2(C)CCCC=C12,CYP2d6_ki,4.755582809448242,17.55566118307368,4.755582809448242,17.55566118307368,4.755582809448242,17.55566118307368
7.7,O=c1cc(-c2ccccc2)oc2c1ccc1ccccc12,CYP2d6_ki,4.7415313720703125,18.132956843505553,4.7415313720703125,18.132956843505553,4.7415313720703125,18.132956843505553
9.0,CSC[C@]12CCC(=O)C=C1CCC1C2CC[C@]2(C)C(=O)CCC12,CYP2d6_ki,5.602240085601807,2.4989635089464284,5.602240085601807,2.4989635089464284,5.602240085601807,2.4989635089464284
6.5,C[C@]12C=CC(=O)C=C1CC[C@@H]1[C@@H]2CC[C@]2(C)C(=O)CC[C@@H]12,CYP2d6_ki,5.118929862976074,7.604490768623408,5.118929862976074,7.604490768623408,5.118929862976074,7.604490768623408
4.19,CC(=O)N1CCN(c2ccc(OCC3COC(Cn4ccnc4)(c4ccc(Cl)cc4Cl)O3)cc2)CC1,CYP2d6_ki,7.260696887969971,0.05486597635965822,7.260696887969971,0.05486597635965822,7.260696887969971,0.05486597635965822
5.52,CCC[C@]12CCC(=O)C=C1CCC1C2CC[C@]2(C)C(=O)CCC12,CYP2d6_ki,5.624911308288574,2.3718580375574807,5.624911308288574,2.3718580375574807,5.624911308288574,2.3718580375574807
7.25,C/C=C/[C@]12CCC(=O)C=C1CCC1C2CC[C@]2(C)C(=O)CCC12,CYP2d6_ki,6.781014919281006,0.1655713083923294,6.781014919281006,0.1655713083923294,6.781014919281006,0.1655713083923294
7.92,C[C@]12CCC(=O)C=C1C[C@@H](Sc1ccc(I)cc1)C1C2CC[C@]2(C)C(=O)CCC12,CYP2d6_ki,7.079156398773193,0.08333810121670002,7.079156398773193,0.08333810121670002,7.079156398773193,0.08333810121670002
4.6,C[C@]12CCC(=O)C=C1[C@H](Br)CC1C2CC[C@@]2(C)C1CC[C@@H]2OC(=O)CBr,CYP2d6_ki,6.229616641998291,0.5893636656178188,6.229616641998291,0.5893636656178188,6.229616641998291,0.5893636656178188
8.64,CC1(C)C[C@@]2(C)C(=CC1=O)CCC1C2CC[C@]2(C)C(=O)CCC12,CYP2d6_ki,4.880168914794922,13.177441145691585,4.880168914794922,13.177441145691585,4.880168914794922,13.177441145691585
6.41,C[C@]12C=CC(=O)C=C1CC[C@@H]1[C@@H]2CC[C@]2(C)C(=O)OC[C@@H]12,CYP2d6_ki,5.100331783294678,7.9372163204656045,5.100331783294678,7.9372163204656045,5.100331783294678,7.9372163204656045
8.3,O=c1cc(-c2ccccc2)oc2c1ccc1ccc(O)cc12,CYP2d6_ki,6.597006320953369,0.252926118396288,6.597006320953369,0.252926118396288,6.597006320953369,0.252926118396288
4.48,C[C@]12CCC(=O)C=C1C[C@@H](Sc1ccc(NC(=O)CBr)cc1)C1C2CC[C@]2(C)C(=O)CCC12,CYP2d6_ki,6.162725925445557,0.6875021719993639,6.162725925445557,0.6875021719993639,6.162725925445557,0.6875021719993639
8.33,C=C1C=C2CCC3C(CC[C@]4(C)C(=O)CCC34)[C@@]2(C)CC1,CYP2d6_ki,5.46337890625,3.4404962890598223,5.46337890625,3.4404962890598223,5.46337890625,3.4404962890598223
4.46,C[C@]12C=CC(=O)C=C1CCC1C2CC[C@]2(C)OC(=O)CCC12,CYP2d6_ki,5.432898044586182,3.6906423029455286,5.432898044586182,3.6906423029455286,5.432898044586182,3.6906423029455286
5.96,C[C@@]12CCCC1C1CCC3=CC(=O)C=C[C@]3(C)C1CC2,CYP2d6_ki,6.804466724395752,0.1568676084896784,6.804466724395752,0.1568676084896784,6.804466724395752,0.1568676084896784
8.52,C=C[C@]12CCC(=O)C=C1CCC1C2CC[C@]2(C)C(=O)CCC12,CYP2d6_ki,6.166567802429199,0.6814471783001795,6.166567802429199,0.6814471783001795,6.166567802429199,0.6814471783001795
8.05,CC[C@]12CCC(=O)C=C1CCC1C2CC[C@]2(C)C(=O)CCC12,CYP2d6_ki,5.554563522338867,2.78892270307979,5.554563522338867,2.78892270307979,5.554563522338867,2.78892270307979
9.0,C[C@]12CCC3C(CCC4=CC(=O)CC[C@@]43C(F)F)C1CCC2=O,CYP2d6_ki,6.317760467529297,0.48110462560675443,6.317760467529297,0.48110462560675443,6.317760467529297,0.48110462560675443
8.89,C[C@]12CCC(=O)C=C1C[C@@H](Sc1ccc(N=[N+]=[N-])cc1)C1C2CC[C@]2(C)C(=O)CCC12,CYP2d6_ki,6.817666053771973,0.15217171885925793,6.817666053771973,0.15217171885925793,6.817666053771973,0.15217171885925793
6.75,C[C@]12C=CC(=O)C=C1C=C[C@@H]1[C@@H]2CC[C@]2(C)C(=O)CC[C@@H]12,CYP2d6_ki,5.7709832191467285,1.6944032698109026,5.7709832191467285,1.6944032698109026,5.7709832191467285,1.6944032698109026
8.82,N#Cc1ccc(C2CCCc3cncn32)cc1,CYP2d6_ki,7.613136291503906,0.02437045897818977,7.613136291503906,0.02437045897818977,7.613136291503906,0.02437045897818977
7.43,C[C@]12CCC(=O)C(N)=C1CCC1C2CC[C@]2(C)C(=O)CCC12,CYP2d6_ki,5.209922790527344,6.167046307169887,5.209922790527344,6.167046307169887,5.209922790527344,6.167046307169887
6.76,CC12CCC3C(C(CCc4ccccc4)=CC4=CC(=O)CCC43C)C1CCC2=O,CYP2d6_ki,5.784542560577393,1.6423187056206985,5.784542560577393,1.6423187056206985,5.784542560577393,1.6423187056206985
7.06,CC12CCC3C(C(Cc4ccc(N)cc4)=CC4=CC(=O)CCC43C)C1CCC2=O,CYP2d6_ki,6.666268825531006,0.21564091923308376,6.666268825531006,0.21564091923308376,6.666268825531006,0.21564091923308376
7.06,CC12CCC3C(C(CCc4ccc(N)cc4)=CC4=CC(=O)CCC43C)C1CCC2=O,CYP2d6_ki,6.708686828613281,0.19557492455594622,6.708686828613281,0.19557492455594622,6.708686828613281,0.19557492455594622
7.21,CC12CCC3C(C(Cc4ccccc4)=CC4=CC(=O)CCC43C)C1CCC2=O,CYP2d6_ki,5.605247497558594,2.48171841014424,5.605247497558594,2.48171841014424,5.605247497558594,2.48171841014424
5.85,CC12CCC3C(C(c4ccccc4)=CC4=CC(=O)CCC43C)C1CCC2=O,CYP2d6_ki,5.599014759063721,2.5175913684796973,5.599014759063721,2.5175913684796973,5.599014759063721,2.5175913684796973
7.02,CC12CCC3C(C(CCc4ccc([N+](=O)[O-])cc4)=CC4=CC(=O)CCC43C)C1CCC2=O,CYP2d6_ki,5.636147499084473,2.311279678807344,5.636147499084473,2.311279678807344,5.636147499084473,2.311279678807344
7.03,CC12CCC3C(C(Cc4ccc([N+](=O)[O-])cc4)=CC4=CC(=O)CCC43C)C1CCC2=O,CYP2d6_ki,5.989833831787109,1.023684595924921,5.989833831787109,1.023684595924921,5.989833831787109,1.023684595924921
0.0,COC(=O)C1(C)CCC2C(CCC3=CC(=O)C=CC32C)C1C,CYP2d6_ki,4.692400932312012,20.30481643820855,4.692400932312012,20.30481643820855,4.692400932312012,20.30481643820855
5.4,CC1(C=O)CCC2C(CCC3=CC(=O)C=CC32C)C1,CYP2d6_ki,4.991585731506348,10.195634741797395,4.991585731506348,10.195634741797395,4.991585731506348,10.195634741797395
5.81,C[C@]12CCC(=O)C[C@@H]1CC[C@@H]1[C@@H]2CC[C@]2(C)[C@@H](O)CC[C@@H]12,CYP2d6_ki,5.250157356262207,5.6213761111178675,5.250157356262207,5.6213761111178675,5.250157356262207,5.6213761111178675
0.0,COC(=O)C1(C)CCC2C(CCC3=CC(=O)C=CC32C)C1,CYP2d6_ki,4.395969867706299,40.18186889345107,4.395969867706299,40.18186889345107,4.395969867706299,40.18186889345107
5.96,CC12CCCC1C1CCC3=CC(=O)C=CC3(C)C1CC2,CYP2d6_ki,5.237393379211426,5.789040938502415,5.237393379211426,5.789040938502415,5.237393379211426,5.789040938502415
4.89,CC(=O)OCC1(C)CCC2C(CCC3=CC(=O)C=CC32C)C1,CYP2d6_ki,4.183496475219727,65.5395605072431,4.183496475219727,65.5395605072431,4.183496475219727,65.5395605072431
4.35,CC(=O)C1(C)CCC2C(CCC3=CC(=O)C=CC32C)C1,CYP2d6_ki,4.412470817565918,38.68380473569252,4.412470817565918,38.68380473569252,4.412470817565918,38.68380473569252
5.07,CC1(CO)CCC2C(CCC3=CC(=O)C=CC32C)C1,CYP2d6_ki,4.165250778198242,68.35168446092999,4.165250778198242,68.35168446092999,4.165250778198242,68.35168446092999
0.0,CC1C2CCC3=CC(=O)C=CC3(C)C2CCC1(C)C(=O)O,CYP2d6_ki,5.646175861358643,2.258521029137134,5.646175861358643,2.258521029137134,5.646175861358643,2.258521029137134
0.0,CC1(C(=O)O)CCC2C(CCC3=CC(=O)C=CC32C)C1,CYP2d6_ki,5.529985427856445,2.9513082520231535,5.529985427856445,2.9513082520231535,5.529985427856445,2.9513082520231535
4.01,CCC(=O)C1(C)CCC2C(CCC3=CC(=O)C=CC32C)C1,CYP2d6_ki,4.381020545959473,41.58909347192354,4.381020545959473,41.58909347192354,4.381020545959473,41.58909347192354
4.68,C=C[C@H]1CN2CC[C@H]1C[C@@H]2[C@@H](O)c1ccnc2ccccc12,CYP2d6_ki,7.640754699707031,0.022868901309101963,7.640754699707031,0.022868901309101963,7.640754699707031,0.022868901309101963
5.58,O=c1cc(-c2ccccc2)oc2cc(O)cc(O)c12,CYP2d6_ki,5.952528476715088,1.1155050052230384,5.952528476715088,1.1155050052230384,5.952528476715088,1.1155050052230384
0.0,O=c1c(-c2ccc(O)cc2)coc2cc(O)cc(O)c12,CYP2d6_ki,7.733433246612549,0.018474247321617267,7.733433246612549,0.018474247321617267,7.733433246612549,0.018474247321617267
4.53,NCc1cc(-c2cccnc2)n[nH]1,CYP2d6_ki,3.687717914581299,205.24948941042092,3.687717914581299,205.24948941042092,3.687717914581299,205.24948941042092
0.0,c1cncc(-c2cc[nH]n2)c1,CYP2d6_ki,4.667019367218018,21.526857342792827,4.667019367218018,21.526857342792827,4.667019367218018,21.526857342792827
4.83,NCc1ccc(-c2ccccc2)o1,CYP2d6_ki,4.664687156677246,21.642769957474176,4.664687156677246,21.642769957474176,4.664687156677246,21.642769957474176
4.42,c1cncc(-c2ccc(C3SCCS3)o2)c1,CYP2d6_ki,5.504626274108887,3.1287706277100917,5.504626274108887,3.1287706277100917,5.504626274108887,3.1287706277100917
4.19,CSCc1ccc(-c2cccnc2)o1,CYP2d6_ki,5.3723931312561035,4.24235364520122,5.3723931312561035,4.24235364520122,5.3723931312561035,4.24235364520122
6.16,SCc1ccc(-c2cccnc2)o1,CYP2d6_ki,5.470048427581787,3.3880637419882054,5.470048427581787,3.3880637419882054,5.470048427581787,3.3880637419882054
4.34,CC(=O)SCc1ccc(-c2cccnc2)o1,CYP2d6_ki,5.329784870147705,4.679668935253835,5.329784870147705,4.679668935253835,5.329784870147705,4.679668935253835
4.22,NCC#Cc1cccnc1,CYP2d6_ki,5.238103866577148,5.779578055431845,5.238103866577148,5.779578055431845,5.238103866577148,5.779578055431845
0.0,CN(C)Cc1ccc(-c2cccnc2)o1,CYP2d6_ki,4.93901252746582,11.507671939460796,4.93901252746582,11.507671939460796,4.93901252746582,11.507671939460796
4.34,CNCc1ccc(-c2cccnc2)o1,CYP2d6_ki,5.305185317993164,4.952388221314689,5.305185317993164,4.952388221314689,5.305185317993164,4.952388221314689
4.84,CN(C)Cc1ccc(-c2cccnc2)s1,CYP2d6_ki,5.1975789070129395,6.344846109282241,5.1975789070129395,6.344846109282241,5.1975789070129395,6.344846109282241
4.25,CNCc1ccc(-c2cccnc2)s1,CYP2d6_ki,5.879782199859619,1.3189180145377153,5.879782199859619,1.3189180145377153,5.879782199859619,1.3189180145377153
6.22,O=C(Nc1ccc2ccccc2c1)NC1CCN(C/C2=C/CCCCCC2)CC1,CYP2d6_ki,5.502039909362793,3.147459065992623,5.502039909362793,3.147459065992623,5.502039909362793,3.147459065992623
5.3,CC1(C)[C@H]2CC=C(CN3CCC(NC(=O)Nc4cc(C(F)(F)F)cc(C(F)(F)F)c4)CC3)[C@@H]1C2,CYP2d6_ki,7.990338325500488,0.010224961336701015,7.990338325500488,0.010224961336701015,7.990338325500488,0.010224961336701015
4.82,CC(=O)N1C2C=C(CN3C4CCC3CC(NC(=O)Nc3cc(F)cc(C(F)(F)F)c3)C4)CC1CCC2,CYP2d6_ki,6.1757121086120605,0.6672489382384964,6.1757121086120605,0.6672489382384964,6.1757121086120605,0.6672489382384964
7.88,COc1ccc(C(c2cc3c(cc2O)OCO3)n2ccnc2)cc1,CYP2d6_ki,5.847543239593506,1.4205507717450823,5.847543239593506,1.4205507717450823,5.847543239593506,1.4205507717450823
4.0,O=c1c(-c2ccc(O)cc2)coc2cc(O)ccc12,CYP2d6_ki,7.556179046630859,0.027785675112804126,7.556179046630859,0.027785675112804126,7.556179046630859,0.027785675112804126
4.0,O=c1c(O)c(-c2ccccc2)oc2cc(O)cc(O)c12,CYP2d6_ki,5.923459529876709,1.1927254058709014,5.923459529876709,1.1927254058709014,5.923459529876709,1.1927254058709014
6.08,COc1ccc(C(C)(C)C(F)(F)F)cc1CN[C@@H]1CCCN[C@@H]1c1ccccc1,CYP2d6_ki,8.199613571166992,0.0063151901087574016,8.199613571166992,0.0063151901087574016,8.199613571166992,0.0063151901087574016
6.38,COc1ccc(C(C)C)cc1CN[C@H]1C2CCN(CC2)[C@H]1C(c1ccccc1)c1ccccc1,CYP2d6_ki,7.291143417358398,0.05115128904011189,7.291143417358398,0.05115128904011189,7.291143417358398,0.05115128904011189
5.18,CNC1CCN(c2nc3ccccc3n2Cc2ccc(F)cc2)CC1,CYP2d6_ki,6.703351020812988,0.19799260931698937,6.703351020812988,0.19799260931698937,6.703351020812988,0.19799260931698937
5.69,CN(C1CCCCC1)C1CCN(c2nc3ccccc3n2Cc2ccc(F)cc2)CC1,CYP2d6_ki,6.2168121337890625,0.6069988471136806,6.2168121337890625,0.6069988471136806,6.2168121337890625,0.6069988471136806
6.3,CN(CCc1ccccc1)C1CCN(c2nc3ccccc3n2Cc2ccc(F)cc2)CC1,CYP2d6_ki,5.779796600341797,1.660364348743579,5.779796600341797,1.660364348743579,5.779796600341797,1.660364348743579
6.09,CN(Cc1ccccc1)C1CCN(c2nc3ccccc3n2Cc2ccc(F)cc2)CC1,CYP2d6_ki,5.645428657531738,2.2624101601222826,5.645428657531738,2.2624101601222826,5.645428657531738,2.2624101601222826
5.99,CN(c1ncccn1)C1CCN(c2nc3ccccc3n2Cc2ccc(F)cc2)CC1,CYP2d6_ki,6.816343307495117,0.15263590024821705,6.816343307495117,0.15263590024821705,6.816343307495117,0.15263590024821705
6.07,CC(c1ccncc1)c1c(CCN(C)C)sc2ccccc12,CYP2d6_ki,5.557220458984375,2.7719126537093115,5.557220458984375,2.7719126537093115,5.557220458984375,2.7719126537093115
4.5,CC(C)(C)NC(=O)[C@@H]1CN(Cc2cnc3occc3c2)CCN1C[C@@H](O)C[C@@H](Cc1ccccc1)C(=O)N[C@H]1c2ccccc2C[C@H]1O,CYP2d6_ki,8.118672370910645,0.007609000788220533,8.118672370910645,0.007609000788220533,8.118672370910645,0.007609000788220533
5.85,CCN(CC1CCN(S(C)(=O)=O)CC1)[C@@H](C)Cc1ccc2c(c1)CCO2,CYP2d6_ki,6.357513904571533,0.439021809492108,6.357513904571533,0.439021809492108,6.357513904571533,0.439021809492108
5.26,CCc1nc(C)c(CN2CCN(c3cc(C(F)(F)F)ccn3)CC2)[nH]1,CYP2d6_ki,5.2886552810668945,5.144518329689017,5.2886552810668945,5.144518329689017,5.2886552810668945,5.144518329689017
5.32,Fc1cnc(N2CCN(CC3=NC(c4ccccc4)=NC3)CC2)nc1,CYP2d6_ki,6.089861869812012,0.8130890833200219,6.089861869812012,0.8130890833200219,6.089861869812012,0.8130890833200219
5.31,Fc1ccc([C@@H]2CCNC[C@H]2COc2ccc3c(c2)OCO3)cc1,CYP2d6_ki,6.552149772644043,0.28044663109710005,6.552149772644043,0.28044663109710005,6.552149772644043,0.28044663109710005
4.11,CN/C(=N\CCSCc1nc[nH]c1C)NC#N,CYP2d6_ki,5.583705902099609,2.6079189969408167,5.583705902099609,2.6079189969408167,5.583705902099609,2.6079189969408167
6.1,COCO[C@H](c1ccccc1)[C@H](Cn1ccnn1)c1ccccc1,CYP2d6_ki,5.897888660430908,1.2650606280173413,5.897888660430908,1.2650606280173413,5.897888660430908,1.2650606280173413
6.0,O=C(c1ccccc1)C(Cn1ccnn1)c1ccccc1,CYP2d6_ki,7.255087852478027,0.05557918159908273,7.255087852478027,0.05557918159908273,7.255087852478027,0.05557918159908273
7.0,O=C(O[C@H](c1ccccc1)[C@H](Cn1ccnn1)c1ccccc1)c1ccccc1,CYP2d6_ki,6.443423748016357,0.36022699230232275,6.443423748016357,0.36022699230232275,6.443423748016357,0.36022699230232275
7.22,CC(=O)O[C@H](c1ccccc1)[C@H](Cn1ccnn1)c1ccccc1,CYP2d6_ki,6.606517314910889,0.2474472804473076,6.606517314910889,0.2474472804473076,6.606517314910889,0.2474472804473076
7.1,COCO[C@H](c1ccccc1)[C@@H](Cn1ccnn1)c1ccccc1,CYP2d6_ki,6.079155921936035,0.8333819271849622,6.079155921936035,0.8333819271849622,6.079155921936035,0.8333819271849622
7.3,O[C@H](c1ccccc1)[C@@H](Cn1ccnn1)c1ccccc1,CYP2d6_ki,6.00430965423584,0.9901257283345246,6.00430965423584,0.9901257283345246,6.00430965423584,0.9901257283345246
6.6,CC(=O)O[C@H](c1ccccc1)[C@@H](Cn1ccnn1)c1ccccc1,CYP2d6_ki,6.571529388427734,0.26820731073086945,6.571529388427734,0.26820731073086945,6.571529388427734,0.26820731073086945
6.36,CC/C(=C(\c1ccc(O)cc1)c1ccc(OCCN)cc1)c1ccccc1,CYP2d6_ki,7.733649730682373,0.018465040703095,7.733649730682373,0.018465040703095,7.733649730682373,0.018465040703095
7.32,CC/C(=C(/c1ccc(O)cc1)c1ccc(OCCN)cc1)c1ccccc1,CYP2d6_ki,7.675808429718018,0.02109558485481829,7.675808429718018,0.02109558485481829,7.675808429718018,0.02109558485481829
7.11,CCC(=C(c1ccc(O)cc1)c1ccc(OCCN)cc1)c1ccccc1,CYP2d6_ki,6.30830717086792,0.49169164552773464,6.30830717086792,0.49169164552773464,6.30830717086792,0.49169164552773464
6.19,CC(=O)O[C@H](c1ccccc1)[C@@H](Cn1ccnn1)c1ccc(Br)cc1,CYP2d6_ki,6.701169013977051,0.1989898781233728,6.701169013977051,0.1989898781233728,6.701169013977051,0.1989898781233728
6.46,CC(=O)O[C@H](c1ccc(F)cc1)[C@@H](Cn1ccnn1)c1ccccc1,CYP2d6_ki,6.071254730224609,0.8486825444455152,6.071254730224609,0.8486825444455152,6.071254730224609,0.8486825444455152
6.08,O[C@H](c1ccccc1)[C@@H](Cn1ccnn1)c1ccc(Br)cc1,CYP2d6_ki,5.298826217651367,5.025436414517507,5.298826217651367,5.025436414517507,5.298826217651367,5.025436414517507
6.89,O[C@H](c1ccc(Br)cc1)[C@@H](Cn1ccnn1)c1ccccc1,CYP2d6_ki,6.770751476287842,0.16953076576343948,6.770751476287842,0.16953076576343948,6.770751476287842,0.16953076576343948
6.7,O[C@H](c1ccc(F)cc1)[C@@H](Cn1ccnn1)c1ccccc1,CYP2d6_ki,6.836551666259766,0.14569623654940558,6.836551666259766,0.14569623654940558,6.836551666259766,0.14569623654940558
7.7,COCO[C@H](c1ccccc1)[C@@H](Cn1ccnn1)c1ccc(Br)cc1,CYP2d6_ki,5.396380424499512,4.014390123611836,5.396380424499512,4.014390123611836,5.396380424499512,4.014390123611836
7.16,COCO[C@H](c1ccc(Br)cc1)[C@@H](Cn1ccnn1)c1ccccc1,CYP2d6_ki,6.8949995040893555,0.12735045352006788,6.8949995040893555,0.12735045352006788,6.8949995040893555,0.12735045352006788
6.8,COCO[C@H](c1ccc(F)cc1)[C@@H](Cn1ccnn1)c1ccccc1,CYP2d6_ki,6.954456329345703,0.11105642029441265,6.954456329345703,0.11105642029441265,6.954456329345703,0.11105642029441265
6.62,CC(=O)O[C@H](c1ccccc1)[C@H](Cn1ccnn1)c1ccc(Br)cc1,CYP2d6_ki,6.639662742614746,0.229264734865545,6.639662742614746,0.229264734865545,6.639662742614746,0.229264734865545
7.05,CC(=O)O[C@H](c1ccc(Br)cc1)[C@H](Cn1ccnn1)c1ccccc1,CYP2d6_ki,5.598850727081299,2.5185424362877633,5.598850727081299,2.5185424362877633,5.598850727081299,2.5185424362877633
6.96,CC(=O)O[C@H](c1ccc(F)cc1)[C@H](Cn1ccnn1)c1ccccc1,CYP2d6_ki,5.819438934326172,1.515517884035993,5.819438934326172,1.515517884035993,5.819438934326172,1.515517884035993
6.09,O[C@H](c1ccccc1)[C@H](Cn1ccnn1)c1ccc(Br)cc1,CYP2d6_ki,5.319024085998535,4.79706843328052,5.319024085998535,4.79706843328052,5.319024085998535,4.79706843328052
6.77,O[C@H](c1ccc(Br)cc1)[C@H](Cn1ccnn1)c1ccccc1,CYP2d6_ki,6.700287818908691,0.19939404377764866,6.700287818908691,0.19939404377764866,6.700287818908691,0.19939404377764866
6.48,O[C@H](c1ccc(F)cc1)[C@H](Cn1ccnn1)c1ccccc1,CYP2d6_ki,6.630455017089844,0.23417740164848808,6.630455017089844,0.23417740164848808,6.630455017089844,0.23417740164848808
6.96,COCO[C@H](c1ccccc1)[C@H](Cn1ccnn1)c1ccc(Br)cc1,CYP2d6_ki,5.390430450439453,4.069767033790027,5.390430450439453,4.069767033790027,5.390430450439453,4.069767033790027
7.7,COCO[C@H](c1ccc(Br)cc1)[C@H](Cn1ccnn1)c1ccccc1,CYP2d6_ki,6.866087913513184,0.1361169115364403,6.866087913513184,0.1361169115364403,6.866087913513184,0.1361169115364403
7.1,COCO[C@H](c1ccc(F)cc1)[C@H](Cn1ccnn1)c1ccccc1,CYP2d6_ki,6.775780200958252,0.16757907892094737,6.775780200958252,0.16757907892094737,6.775780200958252,0.16757907892094737
6.15,CCOC(=O)c1nnn(Cc2ccccc2)c1-c1ccc2c(c1)OCO2,CYP2d6_ki,5.169412612915039,6.769980021803636,5.169412612915039,6.769980021803636,5.169412612915039,6.769980021803636
6.15,CCOC(=O)c1nnn(Cc2ccccc2)c1-c1ccc(C)cc1,CYP2d6_ki,6.451906204223633,0.3532594559722401,6.451906204223633,0.3532594559722401,6.451906204223633,0.3532594559722401
7.7,CCOC(=O)c1nnn(Cc2cccc(Br)c2)c1-c1ccc(Br)cc1,CYP2d6_ki,7.100926876068115,0.07926347783935923,7.100926876068115,0.07926347783935923,7.100926876068115,0.07926347783935923
6.19,CCOC(=O)c1nnn(Cc2ccccc2)c1-c1ccc(Br)cc1,CYP2d6_ki,5.755459308624268,1.7560654216646874,5.755459308624268,1.7560654216646874,5.755459308624268,1.7560654216646874
5.85,CCOC(=O)c1nnn(Cc2ccccc2)c1-c1ccccc1,CYP2d6_ki,6.4489288330078125,0.35568959995667004,6.4489288330078125,0.35568959995667004,6.4489288330078125,0.35568959995667004
6.82,CCOC(=O)c1nnn(Cc2cccc(Br)c2)c1-c1ccccc1,CYP2d6_ki,6.712632179260254,0.1938062689059866,6.712632179260254,0.1938062689059866,6.712632179260254,0.1938062689059866
6.44,CCOC(=O)c1nnn(Cc2ccccc2)c1-c1ccc(Cl)cc1,CYP2d6_ki,5.6211957931518555,2.392237020104724,5.6211957931518555,2.392237020104724,5.6211957931518555,2.392237020104724
7.52,CCOC(=O)c1nnn(Cc2cccc(Br)c2)c1-c1ccc(Cl)cc1,CYP2d6_ki,6.9997992515563965,0.10004623472232274,6.9997992515563965,0.10004623472232274,6.9997992515563965,0.10004623472232274
6.26,Fc1cnc(N2CCN(Cc3cnc(-c4ccccc4)[nH]3)CC2)nc1,CYP2d6_ki,6.115113735198975,0.7671605552303165,6.115113735198975,0.7671605552303165,6.115113735198975,0.7671605552303165
7.11,CN1CCc2cc3c(cc2C(=O)Cc2cc4c(cc2C1)OCO4)OCO3,CYP2d6_ki,5.152496337890625,7.038881633205826,5.152496337890625,7.038881633205826,5.152496337890625,7.038881633205826
6.91,COc1ccc2c(c1OC)CN(C)CCc1cc3c(cc1C(=O)C2)OCO3,CYP2d6_ki,6.1452741622924805,0.7156914644307121,6.1452741622924805,0.7156914644307121,6.1452741622924805,0.7156914644307121
7.35,C[C@@]12CC[C@@H]3[C@H](CCC4=CC(=O)[C@@H](Cl)C[C@]43C)[C@H]1CCC2=O,CYP2d6_ki,8.056255340576172,0.00878505853239215,8.056255340576172,0.00878505853239215,8.056255340576172,0.00878505853239215
7.35,C[C@@]12CC[C@@H]3[C@H](CCC4=CC(=O)[C@@H](Br)C[C@]43C)[C@H]1CCC2=O,CYP2d6_ki,8.063051223754883,0.008648659043737902,8.063051223754883,0.008648659043737902,8.063051223754883,0.008648659043737902
6.17,C[C@@]12CC[C@@H]3[C@H](CCC4=CC(=O)[C@@H](O)C[C@]43C)[C@H]1CCC2=O,CYP2d6_ki,8.066313743591309,0.008583931759288241,8.066313743591309,0.008583931759288241,8.066313743591309,0.008583931759288241
6.17,CO[C@H]1C[C@]2(C)C(=CC1=O)CC[C@@H]1[C@H]3CCC(=O)[C@]3(C)CC[C@H]12,CYP2d6_ki,6.5860748291015625,0.2593732422550102,6.5860748291015625,0.2593732422550102,6.5860748291015625,0.2593732422550102
6.17,CCO[C@H]1C[C@]2(C)C(=CC1=O)CC[C@@H]1[C@H]3CCC(=O)[C@]3(C)CC[C@H]12,CYP2d6_ki,6.5643086433410645,0.2727039048535532,6.5643086433410645,0.2727039048535532,6.5643086433410645,0.2727039048535532
6.82,C[C@@]12CC[C@@H]3[C@H](CC(=O)C4=CC(=O)CC[C@]43C)[C@H]1C[C@H](Br)C2=O,CYP2d6_ki,7.856001853942871,0.0139315085576495,7.856001853942871,0.0139315085576495,7.856001853942871,0.0139315085576495
5.93,C[C@@]12CC[C@@H]3[C@H](CC(=O)C4=CC(=O)CC[C@]43C)[C@H]1C[C@H](O)C2=O,CYP2d6_ki,7.593754291534424,0.02548271566795521,7.593754291534424,0.02548271566795521,7.593754291534424,0.02548271566795521
6.16,CO[C@@H]1C=C2C(=O)C[C@@H]3[C@H]4CCC(=O)[C@]4(C)CC[C@H]3[C@]2(C)CC1,CYP2d6_ki,7.4025559425354,0.03957710813102749,7.4025559425354,0.03957710813102749,7.4025559425354,0.03957710813102749
7.34,CC1=C[C@@]2(C)C(=CC1=O)CC[C@@H]1[C@@H]2CC[C@]2(C)C(=O)CC[C@@H]12,CYP2d6_ki,6.572152137756348,0.26782299493860867,6.572152137756348,0.26782299493860867,6.572152137756348,0.26782299493860867
7.09,CC1=C[C@@]2(C)C(=CC1=O)[C@@H](Br)C[C@@H]1[C@@H]2CC[C@]2(C)C(=O)CC[C@@H]12,CYP2d6_ki,6.935390472412109,0.11604048293907962,6.935390472412109,0.11604048293907962,6.935390472412109,0.11604048293907962
7.51,CCCCCCC1=C[C@@]2(C)C(=C(O)C1=O)CC[C@@H]1[C@@H]2CC[C@]2(C)C(=O)CC[C@@H]12,CYP2d6_ki,5.508167266845703,3.10336410920144,5.508167266845703,3.10336410920144,5.508167266845703,3.10336410920144
7.02,COC1=C[C@@]2(C)C(=CC1=O)CC[C@@H]1[C@@H]2CC[C@]2(C)C(=O)CC[C@@H]12,CYP2d6_ki,6.636219024658203,0.23108990569033303,6.636219024658203,0.23108990569033303,6.636219024658203,0.23108990569033303
7.79,C[C@]12C=C(CCCc3ccccc3)C(=O)C=C1CC[C@@H]1[C@@H]2CC[C@]2(C)C(=O)CC[C@@H]12,CYP2d6_ki,7.7752814292907715,0.016777164805303252,7.7752814292907715,0.016777164805303252,7.7752814292907715,0.016777164805303252
6.92,C[C@@]12CC[C@@H]3[C@H](CC=C4C(=O)CCC[C@]43C)[C@H]1CCC2=O,CYP2d6_ki,7.471011638641357,0.033805577654064674,7.471011638641357,0.033805577654064674,7.471011638641357,0.033805577654064674
7.01,C[C@@]12CC[C@@H]3[C@H](CCC4=C(c5ccc(OS(N)(=O)=O)cc5)C(=O)CC[C@]43C)[C@H]1CCC2=O,CYP2d6_ki,7.650879859924316,0.022341901875216102,7.650879859924316,0.022341901875216102,7.650879859924316,0.022341901875216102
8.55,CCCCC[C@H]1C[C@@H]2[C@H]3CCC(=O)[C@]3(C)CC[C@H]2[C@]2(C)CCC(=O)C=C12,CYP2d6_ki,6.881104946136475,0.13149070499159207,6.881104946136475,0.13149070499159207,6.881104946136475,0.13149070499159207
8.55,CCCCCC[C@H]1C[C@@H]2[C@H]3CCC(=O)[C@]3(C)CC[C@H]2[C@]2(C)CCC(=O)C=C12,CYP2d6_ki,6.902607440948486,0.1251389651037914,6.902607440948486,0.1251389651037914,6.902607440948486,0.1251389651037914
8.55,CCCCCCCC[C@H]1C[C@@H]2[C@H]3CCC(=O)[C@]3(C)CC[C@H]2[C@]2(C)CCC(=O)C=C12,CYP2d6_ki,6.915899753570557,0.12136689644073037,6.915899753570557,0.12136689644073037,6.915899753570557,0.12136689644073037
8.03,CCCCC[C@@H]1C[C@@H]2[C@H]3CCC(=O)[C@]3(C)CC[C@H]2[C@]2(C)CCC(=O)C=C12,CYP2d6_ki,7.131137847900391,0.07393705567738361,7.131137847900391,0.07393705567738361,7.131137847900391,0.07393705567738361
8.03,CCCCCC[C@@H]1C[C@@H]2[C@H]3CCC(=O)[C@]3(C)CC[C@H]2[C@]2(C)CCC(=O)C=C12,CYP2d6_ki,7.141129970550537,0.07225535339092476,7.141129970550537,0.07225535339092476,7.141129970550537,0.07225535339092476
8.03,CCCCCCCC[C@@H]1C[C@@H]2[C@H]3CCC(=O)[C@]3(C)CC[C@H]2[C@]2(C)CCC(=O)C=C12,CYP2d6_ki,7.174190998077393,0.0669590066089044,7.174190998077393,0.0669590066089044,7.174190998077393,0.0669590066089044
8.51,C[C@@H]1C[C@@H]2[C@H]3CCC(=O)[C@]3(C)CC[C@H]2[C@]2(C)CCCC=C12,CYP2d6_ki,6.825273036956787,0.14952952820963397,6.825273036956787,0.14952952820963397,6.825273036956787,0.14952952820963397
8.28,C[C@H]1C[C@@H]2[C@H]3CCC(=O)[C@]3(C)CC[C@H]2[C@]2(C)CCCC=C12,CYP2d6_ki,6.76641845703125,0.17123066485751884,6.76641845703125,0.17123066485751884,6.76641845703125,0.17123066485751884
7.92,CC(=O)O[C@H]1C[C@@H]2[C@H]3CCC(=O)[C@]3(C)CC[C@H]2[C@]2(C)CCCC=C12,CYP2d6_ki,6.797264099121094,0.15949089710696543,6.797264099121094,0.15949089710696543,6.797264099121094,0.15949089710696543
7.92,CO[C@H]1C[C@@H]2[C@H]3CCC(=O)[C@]3(C)CC[C@H]2[C@]2(C)CCCC=C12,CYP2d6_ki,6.749841690063477,0.17789277503437056,6.749841690063477,0.17789277503437056,6.749841690063477,0.17789277503437056
7.92,CC[C@@H]1C[C@@H]2[C@H]3CCC(=O)[C@]3(C)CC[C@H]2[C@]2(C)CCCC=C12,CYP2d6_ki,6.907168865203857,0.12383150032202639,6.907168865203857,0.12383150032202639,6.907168865203857,0.12383150032202639
7.92,CC(=O)O[C@@H]1C[C@@H]2[C@H]3CCC(=O)[C@]3(C)CC[C@H]2[C@]2(C)CCCC=C12,CYP2d6_ki,6.849252223968506,0.14149717721592078,6.849252223968506,0.14149717721592078,6.849252223968506,0.14149717721592078
7.92,CO[C@@H]1C[C@@H]2[C@H]3CCC(=O)[C@]3(C)CC[C@H]2[C@]2(C)CCCC=C12,CYP2d6_ki,6.8493499755859375,0.1414653324147263,6.8493499755859375,0.1414653324147263,6.8493499755859375,0.1414653324147263
7.77,CC1=C[C@@H]2[C@H]3CCC(=O)[C@]3(C)CC[C@H]2[C@]2(C)CCC(=O)C=C12,CYP2d6_ki,5.91926383972168,1.204304087206209,5.91926383972168,1.204304087206209,5.91926383972168,1.204304087206209
7.77,CCC1=C[C@@H]2[C@H]3CCC(=O)[C@]3(C)CC[C@H]2[C@]2(C)CCC(=O)C=C12,CYP2d6_ki,5.931633949279785,1.1704855342385458,5.931633949279785,1.1704855342385458,5.931633949279785,1.1704855342385458
7.77,CCCC1=C[C@@H]2[C@H]3CCC(=O)[C@]3(C)CC[C@H]2[C@]2(C)CCC(=O)C=C12,CYP2d6_ki,5.917901039123535,1.2080890859785416,5.917901039123535,1.2080890859785416,5.917901039123535,1.2080890859785416
7.77,CCCCC1=C[C@@H]2[C@H]3CCC(=O)[C@]3(C)CC[C@H]2[C@]2(C)CCC(=O)C=C12,CYP2d6_ki,5.930765151977539,1.1728294104655734,5.930765151977539,1.1728294104655734,5.930765151977539,1.1728294104655734
7.77,CCCCCC1=C[C@@H]2[C@H]3CCC(=O)[C@]3(C)CC[C@H]2[C@]2(C)CCC(=O)C=C12,CYP2d6_ki,5.881002426147461,1.3152174848263214,5.881002426147461,1.3152174848263214,5.881002426147461,1.3152174848263214
7.77,CCCCCCC1=C[C@@H]2[C@H]3CCC(=O)[C@]3(C)CC[C@H]2[C@]2(C)CCC(=O)C=C12,CYP2d6_ki,5.9055376052856445,1.2429750027621567,5.9055376052856445,1.2429750027621567,5.9055376052856445,1.2429750027621567
7.77,CCCCCCCC1=C[C@@H]2[C@H]3CCC(=O)[C@]3(C)CC[C@H]2[C@]2(C)CCC(=O)C=C12,CYP2d6_ki,5.916187763214111,1.2128643663716625,5.916187763214111,1.2128643663716625,5.916187763214111,1.2128643663716625
7.77,C[C@@]12CC[C@@H]3[C@H](C=CC4=CC(=O)CC[C@]43C)[C@H]1CCC2=O,CYP2d6_ki,7.571281433105469,0.026836048425995414,7.571281433105469,0.026836048425995414,7.571281433105469,0.026836048425995414
8.6,CC1=C[C@@H]2[C@H](CC[C@]3(C)C(=O)CC[C@@H]23)[C@@]2(C)C=CC(=O)C=C12,CYP2d6_ki,6.332369804382324,0.4651898128853998,6.332369804382324,0.4651898128853998,6.332369804382324,0.4651898128853998
8.6,CCC1=C[C@@H]2[C@H](CC[C@]3(C)C(=O)CC[C@@H]23)[C@@]2(C)C=CC(=O)C=C12,CYP2d6_ki,6.270411014556885,0.5365237920553003,6.270411014556885,0.5365237920553003,6.270411014556885,0.5365237920553003
8.6,CCCC1=C[C@@H]2[C@H](CC[C@]3(C)C(=O)CC[C@@H]23)[C@@]2(C)C=CC(=O)C=C12,CYP2d6_ki,6.356647968292236,0.4398980448209104,6.356647968292236,0.4398980448209104,6.356647968292236,0.4398980448209104
8.6,CCCCC1=C[C@@H]2[C@H](CC[C@]3(C)C(=O)CC[C@@H]23)[C@@]2(C)C=CC(=O)C=C12,CYP2d6_ki,6.425566673278809,0.37534732639007334,6.425566673278809,0.37534732639007334,6.425566673278809,0.37534732639007334
8.6,CCCCCC1=C[C@@H]2[C@H](CC[C@]3(C)C(=O)CC[C@@H]23)[C@@]2(C)C=CC(=O)C=C12,CYP2d6_ki,6.2972283363342285,0.5043960346410699,6.2972283363342285,0.5043960346410699,6.2972283363342285,0.5043960346410699
8.6,CCCCCCC1=C[C@@H]2[C@H](CC[C@]3(C)C(=O)CC[C@@H]23)[C@@]2(C)C=CC(=O)C=C12,CYP2d6_ki,6.266959190368652,0.5408051387453653,6.266959190368652,0.5408051387453653,6.266959190368652,0.5408051387453653
8.6,CCCCCCCC1=C[C@@H]2[C@H](CC[C@]3(C)C(=O)CC[C@@H]23)[C@@]2(C)C=CC(=O)C=C12,CYP2d6_ki,6.3209075927734375,0.4776308909992457,6.3209075927734375,0.4776308909992457,6.3209075927734375,0.4776308909992457
7.8,C[C@@]12CC[C@@H]3[C@H](C[C@@H](CCc4ccccc4)C4=CC(=O)CC[C@]43C)[C@H]1CCC2=O,CYP2d6_ki,6.892248630523682,0.12815966675545712,6.892248630523682,0.12815966675545712,6.892248630523682,0.12815966675545712
7.8,C[C@@]12CC[C@@H]3[C@H](C[C@H](CCCCc4ccccc4)C4=CC(=O)CC[C@]43C)[C@H]1CCC2=O,CYP2d6_ki,6.826931953430176,0.14895944535809702,6.826931953430176,0.14895944535809702,6.826931953430176,0.14895944535809702
8.05,C[C@@]12CC[C@@H]3[C@H](C=C(Cc4ccccc4)C4=CC(=O)CC[C@]43C)[C@H]1CCC2=O,CYP2d6_ki,7.355626106262207,0.0440934310259137,7.355626106262207,0.0440934310259137,7.355626106262207,0.0440934310259137
8.0,C[C@@]12CC[C@@H]3[C@H](C=C(CCc4ccccc4)C4=CC(=O)CC[C@]43C)[C@H]1CCC2=O,CYP2d6_ki,7.361644268035889,0.04348662786536083,7.361644268035889,0.04348662786536083,7.361644268035889,0.04348662786536083
8.07,C[C@]12C=CC(=O)C=C1C(CCc1ccccc1)=C[C@@H]1[C@@H]2CC[C@]2(C)C(=O)CC[C@@H]12,CYP2d6_ki,5.84151029586792,1.440421861599207,5.84151029586792,1.440421861599207,5.84151029586792,1.440421861599207
8.15,CCCCCC(=O)O[C@@H]1C[C@@H]2[C@H]3CCC(=O)[C@]3(C)CC[C@H]2[C@]2(C)CCC(=O)C=C12,CYP2d6_ki,5.797605037689209,1.5936573949609962,5.797605037689209,1.5936573949609962,5.797605037689209,1.5936573949609962
8.15,C[C@@]12CC[C@@H]3[C@H](C[C@@H](OCc4ccccc4)C4=CC(=O)CC[C@]43C)[C@H]1CCC2=O,CYP2d6_ki,6.850363731384277,0.141135500796852,6.850363731384277,0.141135500796852,6.850363731384277,0.141135500796852
7.85,CC1(C)C[C@]2(C)C(=CC1=O)[C@H](Br)C[C@@H]1[C@H]3CCC(=O)[C@]3(C)CC[C@H]12,CYP2d6_ki,6.942187309265137,0.1142385522763597,6.942187309265137,0.1142385522763597,6.942187309265137,0.1142385522763597
8.0,CC1(C)C[C@]2(C)C(=CC1=O)[C@@H](Br)C[C@@H]1[C@H]3CCC(=O)[C@]3(C)CC[C@H]12,CYP2d6_ki,7.40873384475708,0.03901810339523163,7.40873384475708,0.03901810339523163,7.40873384475708,0.03901810339523163
7.64,C[C@@]12CC[C@@H]3[C@H](C=C(c4ccc(O)cc4)C4=CC(=O)CC[C@]43C)[C@H]1CCC2=O,CYP2d6_ki,7.076651573181152,0.0838201486741555,7.076651573181152,0.0838201486741555,7.076651573181152,0.0838201486741555
7.52,C[C@@]12CC[C@@H]3[C@H](C=C(c4ccc(OS(N)(=O)=O)cc4)C4=CC(=O)CC[C@]43C)[C@H]1CCC2=O,CYP2d6_ki,7.447573661804199,0.03568012261771246,7.447573661804199,0.03568012261771246,7.447573661804199,0.03568012261771246
7.57,C[C@@]12CC[C@@H]3[C@H](C[C@@H](c4ccc(O)cc4)C4=CC(=O)CC[C@]43C)[C@H]1CCC2=O,CYP2d6_ki,7.331690788269043,0.046591770248990735,7.331690788269043,0.046591770248990735,7.331690788269043,0.046591770248990735
7.41,C[C@@]12CC[C@@H]3[C@H](C[C@@H](c4ccc(OS(N)(=O)=O)cc4)C4=CC(=O)CC[C@]43C)[C@H]1CCC2=O,CYP2d6_ki,7.674693584442139,0.02114980733750356,7.674693584442139,0.02114980733750356,7.674693584442139,0.02114980733750356
7.12,C[C@]12C=CC(=O)C=C1C(c1ccc(O)cc1)=C[C@@H]1[C@@H]2CC[C@]2(C)C(=O)CC[C@@H]12,CYP2d6_ki,6.825384140014648,0.14949127982364266,6.825384140014648,0.14949127982364266,6.825384140014648,0.14949127982364266
7.25,C[C@]12C=CC(=O)C=C1C(c1ccc(OS(N)(=O)=O)cc1)=C[C@@H]1[C@@H]2CC[C@]2(C)C(=O)CC[C@@H]12,CYP2d6_ki,6.5717453956604,0.26807394427991915,6.5717453956604,0.26807394427991915,6.5717453956604,0.26807394427991915
7.24,C[C@@]12CC[C@@H]3[C@H](CC=C4C=CCC[C@]43C)[C@H]1CCC2=O,CYP2d6_ki,8.325836181640625,0.0047224113972706705,8.325836181640625,0.0047224113972706705,8.325836181640625,0.0047224113972706705
7.24,C[C@@]12CC[C@@H]3[C@H](CC=C4CCCC[C@]43C)[C@H]1CC[C@H]2O,CYP2d6_ki,8.008835792541504,0.009798604022076999,8.008835792541504,0.009798604022076999,8.008835792541504,0.009798604022076999
7.24,C[C@@]12CC[C@@H]3[C@H](CC=C4C=CCC[C@]43C)[C@H]1CC[C@H]2O,CYP2d6_ki,7.95277214050293,0.011148793193103128,7.95277214050293,0.011148793193103128,7.95277214050293,0.011148793193103128
5.3,C[C@@]12CC[C@@H]3[C@H](CC(=O)[C@@]45O[C@@H]4C(=O)CC[C@@]35C)[C@H]1CCC2=O,CYP2d6_ki,7.945140838623047,0.011346427993833036,7.945140838623047,0.011346427993833036,7.945140838623047,0.011346427993833036
5.3,C[C@]12CC[C@H]3[C@@H](CC(=O)[C@]45O[C@H]4C(=O)CC[C@]35C=O)[C@@H]1CCC2=O,CYP2d6_ki,7.438042640686035,0.036471813575217595,7.438042640686035,0.036471813575217595,7.438042640686035,0.036471813575217595
5.3,C[C@@]12CC[C@@H]3[C@H](C(=O)[C@@H]4O[C@@]45C(=O)CCC[C@@]35C)[C@H]1CCC2=O,CYP2d6_ki,7.638840675354004,0.02296991164419762,7.638840675354004,0.02296991164419762,7.638840675354004,0.02296991164419762
5.3,C[C@]12CC[C@H]3[C@@H](C(=O)[C@H]4O[C@]45C(=O)CCC[C@]35C=O)[C@@H]1CCC2=O,CYP2d6_ki,6.794437408447266,0.16053236044779604,6.794437408447266,0.16053236044779604,6.794437408447266,0.16053236044779604
5.3,C[C@@]12CC[C@@H]3[C@H](CC[C@@]45O[C@@H]4C(=O)CC[C@@]35C)[C@H]1CCC2=O,CYP2d6_ki,8.689591407775879,0.0020436597531176995,8.689591407775879,0.0020436597531176995,8.689591407775879,0.0020436597531176995
5.3,C[C@]12CC[C@H]3[C@@H](CC[C@]45O[C@H]4C(=O)CC[C@]35C=O)[C@@H]1CCC2=O,CYP2d6_ki,8.08499813079834,0.008222461888836635,8.08499813079834,0.008222461888836635,8.08499813079834,0.008222461888836635
5.3,C[C@@]12CC[C@@H]3[C@H](CC[C@@]45O[C@@H]4C(=O)CC[C@@]35CO)[C@H]1CCC2=O,CYP2d6_ki,8.443238258361816,0.0036038088016972863,8.443238258361816,0.0036038088016972863,8.443238258361816,0.0036038088016972863
5.6,C[C@]12CC[C@@H]3c4ccc(O)cc4CC[C@H]3[C@@H]1CCC2=O,CYP2d6_ki,6.883355617523193,0.13081103517695106,6.883355617523193,0.13081103517695106,6.883355617523193,0.13081103517695106
8.33,CC[C@@H]1C[C@@H]2[C@H](CC[C@]3(C)C(=O)CC[C@@H]23)[C@@]2(C)C=CC(=O)C=C12,CYP2d6_ki,7.124820232391357,0.07502046774560354,7.124820232391357,0.07502046774560354,7.124820232391357,0.07502046774560354
8.3,CCCCC[C@@H]1C[C@@H]2[C@H](CC[C@]3(C)C(=O)CC[C@@H]23)[C@@]2(C)C=CC(=O)C=C12,CYP2d6_ki,7.10538911819458,0.07845323960397174,7.10538911819458,0.07845323960397174,7.10538911819458,0.07845323960397174
6.84,C[C@@]12CC[C@@H]3[C@H](C(=O)C=C4CCCC[C@]43C)[C@H]1CCC2=O,CYP2d6_ki,7.430826187133789,0.03708291049096374,7.430826187133789,0.03708291049096374,7.430826187133789,0.03708291049096374
4.96,C[C@@]12CC[C@@H]3[C@H](C(=O)C=C4CCCC[C@]43CO)[C@H]1CCC2=O,CYP2d6_ki,7.0590434074401855,0.08728841198496509,7.0590434074401855,0.08728841198496509,7.0590434074401855,0.08728841198496509
8.09,CC[C@@]12CCC(=O)C=C1CC[C@H]1[C@H]2CC[C@@]2(C)C(=O)CC[C@H]12,CYP2d6_ki,5.5463337898254395,2.8422757529366294,5.5463337898254395,2.8422757529366294,5.5463337898254395,2.8422757529366294
8.09,CC[C@]12C=CC(=O)C=C1CC[C@H]1[C@@H]3CCC(=O)[C@@]3(C)CC[C@@H]12,CYP2d6_ki,6.239248752593994,0.576436201141273,6.239248752593994,0.576436201141273,6.239248752593994,0.576436201141273
8.09,CC[C@@]12CCC(=O)C=C1C=C[C@H]1[C@H]2CC[C@@]2(C)C(=O)CC[C@H]12,CYP2d6_ki,5.09883451461792,7.964627801056662,5.09883451461792,7.964627801056662,5.09883451461792,7.964627801056662
8.09,CC[C@]12C=CC(=O)C=C1C=C[C@H]1[C@@H]3CCC(=O)[C@@]3(C)CC[C@@H]12,CYP2d6_ki,6.924911975860596,0.11887431411323615,6.924911975860596,0.11887431411323615,6.924911975860596,0.11887431411323615
5.96,C[C@]12CC[C@H]3[C@@H](C(=O)C=C4CCCC[C@@]43O)[C@@H]1CCC2=O,CYP2d6_ki,7.129865646362305,0.07415396090205863,7.129865646362305,0.07415396090205863,7.129865646362305,0.07415396090205863
5.96,CC(=O)O[C@]12CCCCC1=CC(=O)[C@H]1[C@@H]3CCC(=O)[C@@]3(C)CC[C@@H]12,CYP2d6_ki,6.9345526695251465,0.11626455413785268,6.9345526695251465,0.11626455413785268,6.9345526695251465,0.11626455413785268
7.44,CC(=O)SC1=C2CC[C@@H]3[C@H]4CCC(=O)[C@]4(C)CC[C@H]3[C@]2(C)CCC1=O,CYP2d6_ki,7.007004737854004,0.09840003709355223,7.007004737854004,0.09840003709355223,7.007004737854004,0.09840003709355223
7.44,CSC1=C2CC[C@@H]3[C@H]4CCC(=O)[C@]4(C)CC[C@H]3[C@]2(C)CCC1=O,CYP2d6_ki,6.354264259338379,0.4423191482779788,6.354264259338379,0.4423191482779788,6.354264259338379,0.4423191482779788
7.44,CCSC1=C2CC[C@@H]3[C@H]4CCC(=O)[C@]4(C)CC[C@H]3[C@]2(C)CCC1=O,CYP2d6_ki,6.314304828643799,0.4849479986403704,6.314304828643799,0.4849479986403704,6.314304828643799,0.4849479986403704
7.44,CCCSC1=C2CC[C@@H]3[C@H]4CCC(=O)[C@]4(C)CC[C@H]3[C@]2(C)CCC1=O,CYP2d6_ki,6.364269256591797,0.4322457615304884,6.364269256591797,0.4322457615304884,6.364269256591797,0.4322457615304884
7.42,C[C@@]12CC[C@@H]3[C@H](CCC4=C(OCc5ccccc5)C(=O)CC[C@]43C)[C@H]1CCC2=O,CYP2d6_ki,7.942818641662598,0.011407260473299393,7.942818641662598,0.011407260473299393,7.942818641662598,0.011407260473299393
7.21,C[C@@]12CC[C@@H]3[C@H](C(Cc4ccccc4)=CC4=CC(=O)CC[C@]43C)[C@H]1CCC2=O,CYP2d6_ki,7.545736789703369,0.028461855557345084,7.545736789703369,0.028461855557345084,7.545736789703369,0.028461855557345084
7.21,C[C@@]12CC[C@@H]3[C@H](C(CCc4ccccc4)=CC4=CC(=O)CC[C@]43C)[C@H]1CCC2=O,CYP2d6_ki,7.324159145355225,0.0474068233150591,7.324159145355225,0.0474068233150591,7.324159145355225,0.0474068233150591
5.85,C[C@@]12CC[C@@H]3[C@H](C(c4ccccc4)=CC4=CC(=O)CC[C@]43C)[C@H]1CCC2=O,CYP2d6_ki,7.364014625549316,0.04324992656971659,7.364014625549316,0.04324992656971659,7.364014625549316,0.04324992656971659
8.15,C[C@]12C=CC(=O)C=C1C[C@@H](Cc1ccccc1)[C@@H]1[C@@H]2CC[C@]2(C)C(=O)CC[C@@H]12,CYP2d6_ki,5.815842151641846,1.5281213672022977,5.815842151641846,1.5281213672022977,5.815842151641846,1.5281213672022977
8.15,C[C@]12C=CC(=O)C=C1C[C@@H](CCc1ccccc1)[C@@H]1[C@@H]2CC[C@]2(C)C(=O)CC[C@@H]12,CYP2d6_ki,5.935067176818848,1.161268974465616,5.935067176818848,1.161268974465616,5.935067176818848,1.161268974465616
8.15,C[C@]12C=CC(=O)C=C1C[C@@H](CCCc1ccccc1)[C@@H]1[C@@H]2CC[C@]2(C)C(=O)CC[C@@H]12,CYP2d6_ki,5.968915939331055,1.0741973104609526,5.968915939331055,1.0741973104609526,5.968915939331055,1.0741973104609526
8.15,C[C@]12C=CC(=O)C=C1C[C@@H](CCc1ccc([N+](=O)[O-])cc1)[C@@H]1[C@@H]2CC[C@]2(C)C(=O)CC[C@@H]12,CYP2d6_ki,6.551210403442383,0.2810538873599503,6.551210403442383,0.2810538873599503,6.551210403442383,0.2810538873599503
8.15,C[C@]12C=CC(=O)C=C1C[C@@H](CCc1ccc(N)cc1)[C@@H]1[C@@H]2CC[C@]2(C)C(=O)CC[C@@H]12,CYP2d6_ki,6.7288818359375,0.18668875697527423,6.7288818359375,0.18668875697527423,6.7288818359375,0.18668875697527423
8.15,C[C@]12C=CC(=O)C=C1C[C@@H](CCCc1ccc([N+](=O)[O-])cc1)[C@@H]1[C@@H]2CC[C@]2(C)C(=O)CC[C@@H]12,CYP2d6_ki,6.581836223602295,0.26191705350267136,6.581836223602295,0.26191705350267136,6.581836223602295,0.26191705350267136
6.77,CC(=O)OC[C@@]12CCCC=C1CC[C@H]1[C@H]2CC[C@@]2(C)C(=O)CC[C@H]12,CYP2d6_ki,7.090603828430176,0.08117011692575285,7.090603828430176,0.08117011692575285,7.090603828430176,0.08117011692575285
6.77,C[C@]12CC[C@H]3[C@@H](CCC4=CCCC[C@@]43C(F)F)[C@@H]1CCC2=O,CYP2d6_ki,7.458497524261475,0.0347938491101124,7.458497524261475,0.0347938491101124,7.458497524261475,0.0347938491101124
6.77,C[C@@]12CC[C@@H]3[C@H](CCC4=CCCC[C@]43CO)[C@H]1CC[C@H]2O,CYP2d6_ki,7.948516368865967,0.011258580337102319,7.948516368865967,0.011258580337102319,7.948516368865967,0.011258580337102319
4.12,C#C[C@H](OC(C)=O)[C@]12CCC(=O)C=C1C(=O)C[C@H]1[C@H]2CC[C@@]2(C)C(=O)CC[C@H]12,CYP2d6_ki,6.3345441818237305,0.462866572850945,6.3345441818237305,0.462866572850945,6.3345441818237305,0.462866572850945
4.17,C#C[C@H](OC(C)=O)[C@]12CCC(=O)C=C1C(=O)C[C@@H]1[C@@H]2CC[C@]2(C)C(=O)CC[C@@H]12,CYP2d6_ki,6.492396354675293,0.3218130454906193,6.492396354675293,0.3218130454906193,6.492396354675293,0.3218130454906193
6.64,C[C@@]12CC[C@@H]3[C@H](CCC4=CCCC[C@]43C)[C@H]1C[C@H](Br)C2=O,CYP2d6_ki,6.796121597290039,0.159911023408107,6.796121597290039,0.159911023408107,6.796121597290039,0.159911023408107
6.34,C[C@@]12CC[C@@H]3[C@H](CCC4=CCCC[C@]43C)[C@H]1C[C@@H](Br)C2=O,CYP2d6_ki,6.76896858215332,0.1702281650851698,6.76896858215332,0.1702281650851698,6.76896858215332,0.1702281650851698
8.3,C[C@@]12CC[C@@H]3[C@H]([C@@H]4[C@H](C5=CC(=O)CC[C@]53C)C4(F)F)[C@H]1CCC2=O,CYP2d6_ki,8.477002143859863,0.0033342476683456412,8.477002143859863,0.0033342476683456412,8.477002143859863,0.0033342476683456412
8.3,C[C@@]12CC[C@@H]3[C@H]([C@@H]4[C@H](C5=CCCC[C@]53C)C4(F)F)[C@H]1CC[C@H]2O,CYP2d6_ki,8.101635932922363,0.007913417281750577,8.101635932922363,0.007913417281750577,8.101635932922363,0.007913417281750577
8.3,C[C@@]12CC[C@@H]3[C@H]([C@@H]4[C@H](C5=CCCC[C@]53C)C4(F)F)[C@H]1CCC2=O,CYP2d6_ki,7.800026893615723,0.015847950512445984,7.800026893615723,0.015847950512445984,7.800026893615723,0.015847950512445984
8.01,C[C@]12C=CC(=O)C(Sc3ccccc3)=C1CC[C@@H]1[C@@H]2CC[C@]2(C)C(=O)CC[C@@H]12,CYP2d6_ki,6.596665859222412,0.2531244755704283,6.596665859222412,0.2531244755704283,6.596665859222412,0.2531244755704283
8.01,C[C@@]12CC[C@@H]3[C@H](C=CC4=C(Sc5ccccc5)C(=O)CC[C@]43C)[C@H]1CCC2=O,CYP2d6_ki,7.320869445800781,0.04776728463395065,7.320869445800781,0.04776728463395065,7.320869445800781,0.04776728463395065
8.01,C[C@]12C=CC(=O)C(Sc3ccccc3)=C1C=C[C@@H]1[C@@H]2CC[C@]2(C)C(=O)CC[C@@H]12,CYP2d6_ki,6.569293975830078,0.26959139387620834,6.569293975830078,0.26959139387620834,6.569293975830078,0.26959139387620834
7.82,C[C@@]12CC[C@@H]3[C@H](CCC4=C(F)C(=O)CC[C@]43C)[C@H]1CCC2=O,CYP2d6_ki,7.4263153076171875,0.03747008621662032,7.4263153076171875,0.03747008621662032,7.4263153076171875,0.03747008621662032
7.05,C[C@]12CC[C@H]3[C@@H](CCC4=C(F)C(=O)CC[C@@H]43)[C@@H]1CCC2=O,CYP2d6_ki,7.406792640686035,0.039192896381004524,7.406792640686035,0.039192896381004524,7.406792640686035,0.039192896381004524
7.26,C[C@@]12CC[C@@H]3[C@H](C[C@@H](F)C4=CC(=O)CC[C@]43C)[C@H]1CCC2=O,CYP2d6_ki,7.665283679962158,0.021613063032098645,7.665283679962158,0.021613063032098645,7.665283679962158,0.021613063032098645
7.28,C[C@@]12CC[C@@H]3[C@H](C[C@H](F)C4=CC(=O)CC[C@]43C)[C@H]1CCC2=O,CYP2d6_ki,7.650951385498047,0.022338222607272463,7.650951385498047,0.022338222607272463,7.650951385498047,0.022338222607272463
8.85,C[C@@H]1C[C@@H]2[C@H]3CCC(=O)[C@]3(C)CC[C@H]2[C@]2(C)CCC(=O)C=C12,CYP2d6_ki,7.140903949737549,0.07229296718704363,7.140903949737549,0.07229296718704363,7.140903949737549,0.07229296718704363
8.85,CCCC[C@@H]1C[C@@H]2[C@H]3CCC(=O)[C@]3(C)CC[C@H]2[C@]2(C)CCC(=O)C=C12,CYP2d6_ki,7.135995864868164,0.07311460450521687,7.135995864868164,0.07311460450521687,7.135995864868164,0.07311460450521687
8.0,C[C@@]12CC[C@@H]3[C@H](C[C@@H](Cc4ccccc4)C4=CC(=O)CC[C@]43C)[C@H]1CCC2=O,CYP2d6_ki,6.893712520599365,0.12772840218091122,6.893712520599365,0.12772840218091122,6.893712520599365,0.12772840218091122
8.85,C[C@H]1C[C@@H]2[C@H]3CCC(=O)[C@]3(C)CC[C@H]2[C@]2(C)CCC(=O)C=C12,CYP2d6_ki,6.882452487945557,0.1310833440419131,6.882452487945557,0.1310833440419131,6.882452487945557,0.1310833440419131
8.85,CC[C@H]1C[C@@H]2[C@H]3CCC(=O)[C@]3(C)CC[C@H]2[C@]2(C)CCC(=O)C=C12,CYP2d6_ki,6.924807548522949,0.11890290121538089,6.924807548522949,0.11890290121538089,6.924807548522949,0.11890290121538089
8.85,CCCC[C@H]1C[C@@H]2[C@H]3CCC(=O)[C@]3(C)CC[C@H]2[C@]2(C)CCC(=O)C=C12,CYP2d6_ki,6.892062187194824,0.1282146977208554,6.892062187194824,0.1282146977208554,6.892062187194824,0.1282146977208554
8.29,C=C[C@H]1C[C@@H]2[C@H]3CCC(=O)[C@]3(C)CC[C@H]2[C@]2(C)CCC(=O)C=C12,CYP2d6_ki,7.3377861976623535,0.04594241307890167,7.3377861976623535,0.04594241307890167,7.3377861976623535,0.04594241307890167
8.31,C/C=C1\C[C@@H]2[C@H]3CCC(=O)[C@]3(C)CC[C@H]2[C@]2(C)CCC(=O)C=C12,CYP2d6_ki,6.774217128753662,0.16818330059323416,6.774217128753662,0.16818330059323416,6.774217128753662,0.16818330059323416
7.43,C#CC[C@@H]1C[C@@H]2[C@H]3CCC(=O)[C@]3(C)CC[C@H]2[C@]2(C)CCC(=O)C=C12,CYP2d6_ki,6.856842041015625,0.13904582683965397,6.856842041015625,0.13904582683965397,6.856842041015625,0.13904582683965397
8.0,C#CC[C@H]1C[C@@H]2[C@H]3CCC(=O)[C@]3(C)CC[C@H]2[C@]2(C)CCC(=O)C=C12,CYP2d6_ki,6.702919960021973,0.19818922526319174,6.702919960021973,0.19818922526319174,6.702919960021973,0.19818922526319174
9.0,C[C@]12CC[C@H]3[C@@H](CCC4=CC(=O)CC[C@@]43[C@@H]3CO3)[C@@H]1CCC2=O,CYP2d6_ki,8.082189559936523,0.008275808641239625,8.082189559936523,0.008275808641239625,8.082189559936523,0.008275808641239625
7.12,C[C@]12CC[C@H]3[C@@H](CCC4=CC(=O)CC[C@@]43[C@H]3CO3)[C@@H]1CCC2=O,CYP2d6_ki,8.070801734924316,0.008495682332849303,8.070801734924316,0.008495682332849303,8.070801734924316,0.008495682332849303
8.47,C[C@]12CC[C@H]3[C@@H](CCC4=CC(=O)CC[C@@]43[C@@H]3CN3)[C@@H]1CCC2=O,CYP2d6_ki,7.997994422912598,0.010046286913542245,7.997994422912598,0.010046286913542245,7.997994422912598,0.010046286913542245
8.47,C[C@]12CC[C@H]3[C@@H](CCC4=CC(=O)CC[C@@]43[C@H]3CN3)[C@@H]1CCC2=O,CYP2d6_ki,7.9720234870910645,0.010665384401776863,7.9720234870910645,0.010665384401776863,7.9720234870910645,0.010665384401776863
8.47,C[C@]12CC[C@H]3[C@@H](CCC4=CC(=O)CC[C@@]43[C@@H]3CN3)[C@@H]1CC[C@@H]2O,CYP2d6_ki,8.393697738647461,0.004039264208749842,8.393697738647461,0.004039264208749842,8.393697738647461,0.004039264208749842
8.47,C[C@]12CC[C@H]3[C@@H](CCC4=CC(=O)CC[C@@]43[C@H]3CN3)[C@@H]1CC[C@@H]2O,CYP2d6_ki,8.321775436401367,0.0047667740191521795,8.321775436401367,0.0047667740191521795,8.321775436401367,0.0047667740191521795
7.6,CC1(C)C[C@]2(C)C(=CC1=O)C(=O)C[C@@H]1[C@H]3CCC(=O)[C@]3(C)CC[C@H]12,CYP2d6_ki,6.923789024353027,0.11918208413276835,6.923789024353027,0.11918208413276835,6.923789024353027,0.11918208413276835
7.4,CC1(C)C[C@]2(C)C(=C(O)C1=O)C(=O)C[C@@H]1[C@H]3CCC(=O)[C@]3(C)CC[C@H]12,CYP2d6_ki,6.932118892669678,0.11691792721148099,6.932118892669678,0.11691792721148099,6.932118892669678,0.11691792721148099
7.38,C[C@@]12CC[C@@H]3[C@H](CC(=O)C4=C(O)C(=O)CC[C@]43C)[C@H]1CCC2=O,CYP2d6_ki,7.665866851806641,0.021584060427381504,7.665866851806641,0.021584060427381504,7.665866851806641,0.021584060427381504
5.65,C[C@]12C=CC(=O)C=C1C=C(c1ccccc1)[C@@H]1[C@@H]2CC[C@]2(C)C(=O)CC[C@@H]12,CYP2d6_ki,5.423875331878662,3.7681195070604865,5.423875331878662,3.7681195070604865,5.423875331878662,3.7681195070604865
7.21,C[C@]12C=CC(=O)C=C1C=C(Cc1ccccc1)[C@@H]1[C@@H]2CC[C@]2(C)C(=O)CC[C@@H]12,CYP2d6_ki,5.590424537658691,2.567884360981208,5.590424537658691,2.567884360981208,5.590424537658691,2.567884360981208
6.76,C[C@]12C=CC(=O)C=C1C=C(CCc1ccccc1)[C@@H]1[C@@H]2CC[C@]2(C)C(=O)CC[C@@H]12,CYP2d6_ki,5.672699451446533,2.124714337712077,5.672699451446533,2.124714337712077,5.672699451446533,2.124714337712077
7.62,C[C@@]12CC[C@@H]3[C@H]([C@@H](Sc4ccc(Nc5ccc([N+](=O)[O-])cc5[N+](=O)[O-])cc4)CC4=CC(=O)CC[C@]43C)[C@H]1CCC2=O,CYP2d6_ki,8.685556411743164,0.0020627357153106423,8.685556411743164,0.0020627357153106423,8.685556411743164,0.0020627357153106423
7.62,CN(C)c1cccc2c(S(=O)(=O)Nc3ccc(S[C@H]4CC5=CC(=O)CC[C@@]5(C)[C@@H]5CC[C@@]6(C)C(=O)CC[C@@H]6[C@@H]45)cc3)cccc12,CYP2d6_ki,7.783183574676514,0.016474658665780448,7.783183574676514,0.016474658665780448,7.783183574676514,0.016474658665780448
7.62,C[C@@]12CC[C@@H]3[C@H]([C@@H](Sc4cccc5ccccc45)CC4=CC(=O)CC[C@]43C)[C@H]1CCC2=O,CYP2d6_ki,6.843806266784668,0.143282692250239,6.843806266784668,0.143282692250239,6.843806266784668,0.143282692250239
7.62,C[C@@]12CC[C@@H]3[C@H]([C@@H](Sc4ccc5ccccc5c4)CC4=CC(=O)CC[C@]43C)[C@H]1CCC2=O,CYP2d6_ki,7.356118679046631,0.04404344901420632,7.356118679046631,0.04404344901420632,7.356118679046631,0.04404344901420632
7.92,C[C@]12C=CC(=O)C=C1C[C@@H](Sc1cccc3ccccc13)[C@@H]1[C@@H]2CC[C@]2(C)C(=O)CC[C@@H]12,CYP2d6_ki,6.9927778244018555,0.10167687165734503,6.9927778244018555,0.10167687165734503,6.9927778244018555,0.10167687165734503
7.92,C[C@]12C=CC(=O)C=C1C[C@@H](Sc1ccc3ccccc3c1)[C@@H]1[C@@H]2CC[C@]2(C)C(=O)CC[C@@H]12,CYP2d6_ki,6.980376243591309,0.10462217789938738,6.980376243591309,0.10462217789938738,6.980376243591309,0.10462217789938738
6.21,CS[C@@]12C=CC(=O)C=C1CC[C@@H]1[C@H]3CC[C@@H](O)[C@]3(C)CC[C@H]12,CYP2d6_ki,6.090645790100098,0.8116227462230402,6.090645790100098,0.8116227462230402,6.090645790100098,0.8116227462230402
6.97,C[C@]12CC[C@H]3[C@@H](CCC4=CC(=O)CC[C@@]43S)[C@@H]1CC[C@@H]2O,CYP2d6_ki,7.223275184631348,0.059803254001709105,7.223275184631348,0.059803254001709105,7.223275184631348,0.059803254001709105
8.7,C[C@]12CC[C@H]3[C@@H](CCC4=CC(=O)CC[C@@]43[C@@H]3CS3)[C@@H]1CCC2=O,CYP2d6_ki,7.983811378479004,0.01037979130022653,7.983811378479004,0.01037979130022653,7.983811378479004,0.01037979130022653
6.58,C[C@]12CC[C@H]3[C@@H](CCC4=CC(=O)C=C[C@@]43C)[C@@H]1CC[C@@H]2O,CYP2d6_ki,8.247663497924805,0.005653748715376062,8.247663497924805,0.005653748715376062,8.247663497924805,0.005653748715376062
6.58,C[C@@]12CCC[C@H]1[C@@H]1CCC3=CC(=O)C=C[C@]3(C)[C@H]1CC2,CYP2d6_ki,7.30379581451416,0.0496825851436312,7.30379581451416,0.0496825851436312,7.30379581451416,0.0496825851436312
8.3,C[C@@]12CC[C@@H]3[C@H](CCC4=CC(=O)CC[C@]43CN=[N+]=[N-])[C@H]1CCC2=O,CYP2d6_ki,7.373215675354004,0.04234326325851965,7.373215675354004,0.04234326325851965,7.373215675354004,0.04234326325851965
9.0,CSC[C@@]12CCC(=O)C=C1CC[C@H]1[C@H]2CC[C@@]2(C)C(=O)CC[C@H]12,CYP2d6_ki,5.631943702697754,2.3337605664899823,5.631943702697754,2.3337605664899823,5.631943702697754,2.3337605664899823
5.0,C[C@@]12CC[C@@H]3[C@H](CCC4=CC(=O)[C@@H]5CC[C@@]43C5)[C@H]1CCC2=O,CYP2d6_ki,8.151800155639648,0.00705017414194356,8.151800155639648,0.00705017414194356,8.151800155639648,0.00705017414194356
5.0,C=CC1O[C@@]2(O)CC[C@@]13C(=CC[C@@H]1[C@H]4CCC(=O)[C@]4(C)CC[C@H]13)C2,CYP2d6_ki,7.407669544219971,0.03911384007996289,7.407669544219971,0.03911384007996289,7.407669544219971,0.03911384007996289
5.0,C[C@]12CC[C@H]3[C@@H](CC=C4[C@H]5CSC[C@]43CCC5=O)[C@@H]1CCC2=O,CYP2d6_ki,7.281998634338379,0.05223978317037309,7.281998634338379,0.05223978317037309,7.281998634338379,0.05223978317037309
5.0,C[C@]12CCC3C(C[C@H]4COC[C@@]35CCC(=O)C=C45)C1CCC2=O,CYP2d6_ki,6.348147869110107,0.448592626568396,6.348147869110107,0.448592626568396,6.348147869110107,0.448592626568396
6.0,C[C@]12CC[C@H]3[C@@H](CCC4=CC(=O)CC[C@@]43C(F)F)[C@@H]1CCC2=O,CYP2d6_ki,7.623904228210449,0.02377364491647774,7.623904228210449,0.02377364491647774,7.623904228210449,0.02377364491647774
7.47,C[C@@]12CC[C@@H]3[C@H](CCC4=CC(=O)CC[C@]43CS)[C@H]1CCC2=O,CYP2d6_ki,8.187686920166016,0.006491021981279592,8.187686920166016,0.006491021981279592,8.187686920166016,0.006491021981279592
6.03,C[C@]12CC[C@H]3[C@@H](CCC4=CC(=O)[C@H]5C[C@H](O)[C@]43C5)[C@@H]1CCC2=O,CYP2d6_ki,7.566678047180176,0.027122015062431688,7.566678047180176,0.027122015062431688,7.566678047180176,0.027122015062431688
6.06,C[C@]12CC[C@H]3[C@@H](CCC4=CC(=O)[C@H]5C[C@@H](O)[C@]43C5)[C@@H]1CCC2=O,CYP2d6_ki,7.595138072967529,0.025401649958221754,7.595138072967529,0.025401649958221754,7.595138072967529,0.025401649958221754
7.75,C[C@]12CC[C@H]3[C@@H](CCC4=CC(=O)[C@H]5COC[C@]43C5)[C@@H]1CCC2=O,CYP2d6_ki,8.487439155578613,0.0032550738371161653,8.487439155578613,0.0032550738371161653,8.487439155578613,0.0032550738371161653
5.0,C[C@@]1(CC#N)CC[C@@H]2[C@H](CCC3=CC(=O)CC[C@]32C)[C@H]1CC#N,CYP2d6_ki,6.911248683929443,0.12267365811210505,6.911248683929443,0.12267365811210505,6.911248683929443,0.12267365811210505
7.0,C[C@]12CC[C@@H]3c4ccc(O)cc4[C@H](CCCc4ccccc4)C[C@H]3[C@@H]1CCC2=O,CYP2d6_ki,7.8718767166137695,0.013431461865885432,7.8718767166137695,0.013431461865885432,7.8718767166137695,0.013431461865885432
7.0,C[C@]12CC[C@@H]3c4ccc(O)cc4[C@@H](CCCc4ccccc4)C[C@H]3[C@@H]1CCC2=O,CYP2d6_ki,7.93712043762207,0.011557916760553106,7.93712043762207,0.011557916760553106,7.93712043762207,0.011557916760553106
7.0,C[C@]12CC[C@@H]3c4ccc(O)cc4[C@H](CCCc4ccccc4)C[C@H]3[C@@H]1CC[C@@H]2O,CYP2d6_ki,7.527907371520996,0.029654638108942494,7.527907371520996,0.029654638108942494,7.527907371520996,0.029654638108942494
7.0,C[C@]12CC[C@@H]3c4ccc(O)cc4[C@@H](CCCc4ccccc4)C[C@H]3[C@@H]1CC[C@@H]2O,CYP2d6_ki,7.5645551681518555,0.027254914994857507,7.5645551681518555,0.027254914994857507,7.5645551681518555,0.027254914994857507
7.0,C[C@]12CC[C@@H]3c4ccc(O)cc4[C@H](Cc4ccccc4)C[C@H]3[C@@H]1CCC2=O,CYP2d6_ki,7.658858299255371,0.021935205161407262,7.658858299255371,0.021935205161407262,7.658858299255371,0.021935205161407262
7.0,C[C@]12CC[C@@H]3c4ccc(O)cc4[C@@H](Cc4ccccc4)C[C@H]3[C@@H]1CCC2=O,CYP2d6_ki,7.8005876541137695,0.015827500863461498,7.8005876541137695,0.015827500863461498,7.8005876541137695,0.015827500863461498
7.0,C[C@]12CC[C@@H]3c4ccc(O)cc4[C@H](Cc4ccccc4)C[C@H]3[C@@H]1CC[C@@H]2O,CYP2d6_ki,7.5088210105896,0.030986961275871108,7.5088210105896,0.030986961275871108,7.5088210105896,0.030986961275871108
7.0,C[C@]12CC[C@@H]3c4ccc(O)cc4[C@@H](Cc4ccccc4)C[C@H]3[C@@H]1CC[C@@H]2O,CYP2d6_ki,7.595187187194824,0.025398777455991114,7.595187187194824,0.025398777455991114,7.595187187194824,0.025398777455991114
7.0,C[C@@H]1C[C@@H]2[C@H](CC[C@]3(C)C(=O)CC[C@@H]23)c2ccc(O)cc21,CYP2d6_ki,7.959104061126709,0.010987425386298634,7.959104061126709,0.010987425386298634,7.959104061126709,0.010987425386298634
7.0,C[C@H]1C[C@@H]2[C@H](CC[C@]3(C)C(=O)CC[C@@H]23)c2ccc(O)cc21,CYP2d6_ki,7.525302410125732,0.029833045458152317,7.525302410125732,0.029833045458152317,7.525302410125732,0.029833045458152317
7.0,C[C@@H]1C[C@@H]2[C@H](CC[C@]3(C)[C@@H](O)CC[C@@H]23)c2ccc(O)cc21,CYP2d6_ki,7.193823337554932,0.06399951199546572,7.193823337554932,0.06399951199546572,7.193823337554932,0.06399951199546572
7.0,C[C@H]1C[C@@H]2[C@H](CC[C@]3(C)[C@@H](O)CC[C@@H]23)c2ccc(O)cc21,CYP2d6_ki,6.869435787200928,0.13507165238693492,6.869435787200928,0.13507165238693492,6.869435787200928,0.13507165238693492
7.92,C[C@]12C=CC(=O)C=C1C[C@@H](Sc1ccc(Br)cc1)[C@@H]1[C@@H]2CC[C@]2(C)C(=O)CC[C@@H]12,CYP2d6_ki,6.750650882720947,0.17756162759703523,6.750650882720947,0.17756162759703523,6.750650882720947,0.17756162759703523
7.0,C[C@]12CC[C@@H]3c4cc(F)c(O)cc4CC[C@H]3[C@@H]1CCC2=O,CYP2d6_ki,6.974739074707031,0.10598903188791967,6.974739074707031,0.10598903188791967,6.974739074707031,0.10598903188791967
7.0,C[C@]12CC[C@@H]3c4cc(Cl)c(O)cc4CC[C@H]3[C@@H]1CCC2=O,CYP2d6_ki,6.949268817901611,0.11239090857652924,6.949268817901611,0.11239090857652924,6.949268817901611,0.11239090857652924
7.0,C[C@]12CC[C@@H]3c4cc(Br)c(O)cc4CC[C@H]3[C@@H]1CCC2=O,CYP2d6_ki,6.905793190002441,0.12422437202664782,6.905793190002441,0.12422437202664782,6.905793190002441,0.12422437202664782
7.0,Cc1cc2c(cc1O)CC[C@@H]1[C@@H]2CC[C@]2(C)C(=O)CC[C@@H]12,CYP2d6_ki,7.021873950958252,0.09508807359456829,7.021873950958252,0.09508807359456829,7.021873950958252,0.09508807359456829
7.0,C[C@]12CC[C@@H]3c4cc(F)c(O)cc4CC[C@H]3[C@@H]1CC[C@@H]2O,CYP2d6_ki,6.875476837158203,0.13320580849563218,6.875476837158203,0.13320580849563218,6.875476837158203,0.13320580849563218
7.0,C[C@]12CC[C@@H]3c4cc(Cl)c(O)cc4CC[C@H]3[C@@H]1CC[C@@H]2O,CYP2d6_ki,7.206756591796875,0.062121710905135,7.206756591796875,0.062121710905135,7.206756591796875,0.062121710905135
7.0,C[C@]12CC[C@@H]3c4cc(Br)c(O)cc4CC[C@H]3[C@@H]1CC[C@@H]2O,CYP2d6_ki,6.844021797180176,0.1432116019764144,6.844021797180176,0.1432116019764144,6.844021797180176,0.1432116019764144
7.0,Cc1cc2c(cc1O)CC[C@@H]1[C@@H]2CC[C@]2(C)[C@@H](O)CC[C@@H]12,CYP2d6_ki,8.597016334533691,0.002529202867154595,8.597016334533691,0.002529202867154595,8.597016334533691,0.002529202867154595
7.08,COc1ccc2c(Cc3ccccc3)c(-c3ccc(Cl)cc3)c(=O)oc2c1,CYP2d6_ki,5.629795074462891,2.345335220594549,5.629795074462891,2.345335220594549,5.629795074462891,2.345335220594549
7.5,C(=C(\Cn1cncn1)c1ccccc1)\c1ccccc1,CYP2d6_ki,5.857361793518066,1.3887951989444172,5.857361793518066,1.3887951989444172,5.857361793518066,1.3887951989444172
7.1,C(=C(/Cn1cncn1)c1ccccc1)\c1ccccc1,CYP2d6_ki,5.79419469833374,1.6062210074724157,5.79419469833374,1.6062210074724157,5.79419469833374,1.6062210074724157
6.54,c1ccc(CC(Cn2ccnn2)c2ccccc2)cc1,CYP2d6_ki,5.6227827072143555,2.3835117257168044,5.6227827072143555,2.3835117257168044,5.6227827072143555,2.3835117257168044
7.62,Brc1ccc(/C=C(\Cn2ccnn2)c2ccc(Br)cc2)cc1,CYP2d6_ki,5.3826823234558105,4.14302616957874,5.3826823234558105,4.14302616957874,5.3826823234558105,4.14302616957874
7.13,Brc1ccc(/C(=C/c2ccccc2)Cn2ccnn2)cc1,CYP2d6_ki,5.515878677368164,3.0487465553553967,5.515878677368164,3.0487465553553967,5.515878677368164,3.0487465553553967
8.1,Clc1ccc(/C=C(\Cn2ccnn2)c2ccc(Cl)cc2)cc1,CYP2d6_ki,5.23245906829834,5.855189181322546,5.23245906829834,5.855189181322546,5.23245906829834,5.855189181322546
7.24,Clc1ccc(/C(=C/c2ccccc2)Cn2ccnn2)cc1,CYP2d6_ki,5.554139614105225,2.7916462570752634,5.554139614105225,2.7916462570752634,5.554139614105225,2.7916462570752634
7.0,C(=C(\Cn1ccnn1)c1ccccc1)\c1ccccc1,CYP2d6_ki,6.058150768280029,0.8746800713846221,6.058150768280029,0.8746800713846221,6.058150768280029,0.8746800713846221
6.35,Brc1ccc(/C=C(/Cn2ccnn2)c2ccc(Br)cc2)cc1,CYP2d6_ki,5.342389106750488,4.545805955206019,5.342389106750488,4.545805955206019,5.342389106750488,4.545805955206019
6.9,Brc1ccc(/C(=C\c2ccccc2)Cn2ccnn2)cc1,CYP2d6_ki,4.912748336791992,12.225078688602746,4.912748336791992,12.225078688602746,4.912748336791992,12.225078688602746
7.01,Clc1ccc(/C=C(/Cn2ccnn2)c2ccc(Cl)cc2)cc1,CYP2d6_ki,5.278063774108887,5.27152445873288,5.278063774108887,5.27152445873288,5.278063774108887,5.27152445873288
7.09,Clc1ccc(/C(=C\c2ccccc2)Cn2ccnn2)cc1,CYP2d6_ki,4.902337074279785,12.521689365245615,4.902337074279785,12.521689365245615,4.902337074279785,12.521689365245615
6.75,C(=C(/Cn1ccnn1)c1ccccc1)\c1ccccc1,CYP2d6_ki,5.785966396331787,1.6369431755060821,5.785966396331787,1.6369431755060821,5.785966396331787,1.6369431755060821
5.62,C=C(C)[C@@H]1CCC(C)=C[C@H]1c1c(O)cc(CCCCC)cc1O,CYP2d6_ki,7.58180046081543,0.026193862243764156,7.58180046081543,0.026193862243764156,7.58180046081543,0.026193862243764156
5.96,CC[C@@H]1CN2CCc3c([nH]c4cccc(OC)c34)[C@@H]2C[C@@H]1/C(=C\OC)C(=O)OC,CYP2d6_ki,6.889559745788574,0.12895561417637938,6.889559745788574,0.12895561417637938,6.889559745788574,0.12895561417637938
5.55,CC[C@@H]1CN2CCc3c([nH]c4ccccc34)[C@@H]2C[C@@H]1/C(=C\OC)C(=O)OC,CYP2d6_ki,6.428531646728516,0.3727935187558939,6.428531646728516,0.3727935187558939,6.428531646728516,0.3727935187558939
