ligand_id,log_ic50,IC50_uM,deltaG_kcalmol,binding_probability,error
L1,0.771449089050293,5.908117025534513,7.1317434425354005,0.5059140920639038,
L2,0.6661000847816467,4.635537351133909,7.275439484357834,0.5449991822242737,
L3,1.171633243560791,14.84681317308214,6.585892255783081,0.5173113942146301,
L4,1.027305245399475,10.648912177826718,6.782755645275117,0.5186009407043457,
L5,0.6332181692123413,4.2975225996082465,7.320290417194367,0.605536937713623,
L7,1.0959842205047607,12.473381930945745,6.689077523231507,0.5307440161705017,
L6,1.1612950563430786,14.497564724737668,6.599993543148042,0.556191623210907,
L8,0.18937215209007263,1.5465791538871878,7.925696384549141,0.5906658172607422,
L9,1.2127360105514526,16.320595855658446,6.529828081607819,0.5685592293739319,
L10,0.933535099029541,8.580944618294515,6.910658124923707,0.5738776326179504,
L11,0.7884623408317566,6.144157512927075,7.108537367105485,0.5311149954795837,
L12,0.9773349165916443,9.491501410038738,6.850915173768998,0.5149405002593994,
L13,1.2153704166412354,16.419896551038406,6.526234751701355,0.5513046979904175,
L14,0.8008569478988647,6.322035757707444,7.091631123065949,0.5631351470947266,
L15,0.8244097232818604,6.674361467080907,7.059505137443543,0.6155310869216919,
L16,0.8549271821975708,7.1602334509587315,7.017879323482514,0.3153999447822571,
L17,0.733623743057251,5.415315238944954,7.18333721446991,0.5626583695411682,
L18,0.8407394289970398,6.930098843981657,7.037231418848038,0.35345736145973206,
L19,1.1987473964691162,15.803285878037842,6.548908551216126,0.47185951471328735,
L20,0.8870288729667664,7.709547223293887,6.974092617273331,0.5556744337081909,
L21,1.255447506904602,18.007254679262463,6.471569600582123,0.4602510631084442,
L22,1.1141034364700317,13.004792779574124,6.664362912654878,0.4234914183616638,
L23,0.9528121948242188,8.970407966262798,6.8843641662597665,0.4039899706840515,
L24,1.4178266525268555,26.171381760553714,6.2500844459533695,0.48845046758651733,
L25,0.5217105746269226,3.3243793399041333,7.472386776208878,0.5079529881477356,
L26,1.3273996114730835,21.251990420351035,6.373426929950715,0.4500195384025574,
L27,0.7618873715400696,5.779461453732458,7.144785625219345,0.3992461562156677,
L28,0.46860915422439575,2.9417729769097503,7.544817113637925,0.5288404226303101,
L29,0.7836893796920776,6.077002005796284,7.115047686100007,0.5074445009231567,
L30,0.7286019325256348,5.353057797450277,7.190186964035035,0.5413128733634949,
L31,0.5770703554153442,3.7763336232232163,7.396876035213471,0.30695486068725586,
L32,0.893520712852478,7.825655271567311,6.965237747669221,0.3181833028793335,
L33,0.7819778323173523,6.05309977142967,7.117382236719132,0.46673357486724854,
L34,0.8054680824279785,6.38951777187293,7.085341535568237,0.43609175086021423,
L35,0.3491800129413605,2.2344982195039065,7.707718462347985,0.5978239178657532,
L36,0.5755913257598877,3.763494847241176,7.398893431663514,0.5714480876922607,
L37,0.3354032635688782,2.1647276458017686,7.72650994849205,0.5101995468139648,
L38,1.15277099609375,14.21578989460289,6.611620361328126,0.30871838331222534,
L39,0.22730669379234314,1.687744470474524,7.8739536696672445,0.5994960069656372,
L40,0.269840806722641,1.8614047024078357,7.815937139630318,0.5873225927352905,
L41,0.5431963205337524,3.4929817819760562,7.4430802187919625,0.481336385011673,
L42,0.7940036058425903,6.223054520001488,7.100979081630707,0.4378470480442047,
L43,0.44680172204971313,2.7977037311923674,7.574562451124192,0.6682196855545044,
L44,0.7484729290008545,5.603674867325849,7.163082924842835,0.6092479825019836,
L45,0.38723838329315186,2.439149294715542,7.655806845188142,0.5809401273727417,
L46,0.4464571177959442,2.795484688007876,7.575032491326333,0.5541972517967224,
L47,0.012473449110984802,1.029137608242369,8.166986215412617,0.631182074546814,
L48,0.8110700845718384,6.472470572618975,7.077700404644013,0.3922296166419983,
L49,0.8117431998252869,6.4825100662043695,7.076782275438309,0.5727750062942505,
L50,0.6002593040466309,3.9834493923061043,7.365246309280396,0.5187602043151855,
L51,0.5250838994979858,3.350301559528251,7.467785561084748,0.51893550157547,
L52,0.47207796573638916,2.965363691964834,7.540085654735566,0.6060903072357178,
L53,0.6250203847885132,4.217162973613705,7.331472195148469,0.4863274097442627,
L54,0.23460261523723602,1.716337198909588,7.864002032816411,0.6161945462226868,
L55,0.9350649118423462,8.611224502683726,6.908571460247041,0.530288577079773,
L56,0.8655535578727722,7.337591971674691,7.003384947061539,0.5642477869987488,
L57,0.7051282525062561,5.07140450980773,7.222205063581467,0.5027750134468079,
L58,0.23427215218544006,1.715031701567085,7.86445278441906,0.6007005572319031,
L59,1.0003702640533447,10.008529280261131,6.819494959831238,0.4996267557144165,
L60,-0.009866029024124146,0.977538725176976,8.197457263588905,0.5533868074417114,
L61,0.8704861402511597,7.421405132444327,6.996656904697419,0.5263283848762512,
L62,0.9248900413513184,8.411821364948562,6.9224499835968025,0.5048758387565613,
L63,1.1466463804244995,14.016719436014421,6.619974337100984,0.5386905670166016,
L64,0.890830397605896,7.777327684580515,6.968907337665558,0.4460548460483551,
L65,1.1752592325210571,14.971290331509367,6.580946406841279,0.559902012348175,
L66,0.4189590811729431,2.6239713035719423,7.612539813280106,0.4260784983634949,
L67,0.7682752013206482,5.865097030028244,7.136072625398636,0.3389285206794739,
L68,0.950312614440918,8.918927105415998,6.887773593902589,0.506942629814148,
L69,1.3059741258621216,20.228986560372626,6.402651292324067,0.568164587020874,
L70,0.35124868154525757,2.2451671618866063,7.704896798372269,0.4343335032463074,
L71,1.2588551044464111,18.14910045433066,6.466921637535096,0.5242013335227966,
L72,1.38970148563385,24.53022239640972,6.288447173595429,0.5614174008369446,
L73,1.043222188949585,11.04643620937502,6.761044934272767,0.4958142638206482,
L74,1.1355890035629272,13.664350818490467,6.635056599140167,0.4677896499633789,
L75,0.17136800289154053,1.4837748410502616,7.9502540440559395,0.5322893857955933,
L76,0.4756566882133484,2.9899001723250485,7.535204277276994,0.18494080007076263,
L77,0.4457269310951233,2.7907885410061786,7.576028465986252,0.24529629945755005,
L78,0.1406518667936325,1.382457747804789,7.992150853693486,0.28288787603378296,
L79,0.17399421334266663,1.4927745193143758,7.9466718930006035,0.2669752240180969,
L80,-0.045340150594711304,0.9008652803895794,8.245843965411186,0.232581228017807,
L81,0.7806321978569031,6.034373643845222,7.1192176821231845,0.18027208745479584,
L82,0.04561854898929596,1.1107556959771379,8.1217762991786,0.2293613851070404,
L83,0.3516400456428528,2.247191304227169,7.704362977743149,0.2544265687465668,
L84,0.5239856839179993,3.3418402380338614,7.4692835271358495,0.2741808593273163,
L85,0.6136325597763062,4.108020099056964,7.347005188465119,0.261452853679657,
L86,0.5663781762123108,3.6844967367087125,7.411460167646409,0.4390018880367279,
L87,0.4314437508583069,2.700497321486006,7.59551072382927,0.2570958137512207,
L88,0.5197039246559143,3.3090545352304046,7.475123846769334,0.30363762378692627,
L89,0.29851236939430237,1.9884394434931576,7.776829128146172,0.2764034569263458,
L90,1.0771844387054443,11.944952819619196,6.714720425605774,0.2425539791584015,
L91,0.6556664705276489,4.525498971480209,7.289670934200287,0.16830319166183472,
L92,0.2784348428249359,1.8986059729922302,7.804214874386788,0.3199242949485779,
L93,0.5935530066490173,3.922410173373161,7.374393698930741,0.2487158179283142,
L94,0.12683524191379547,1.3391685513248879,8.010996730029584,0.2502709627151489,
L95,0.6641344428062439,4.614604049039343,7.278120620012284,0.22500748932361603,
L96,0.1824994832277298,1.5222973214793003,7.935070704877377,0.2820364832878113,
L97,0.028821885585784912,1.0686165244882726,8.14468694806099,0.24774158000946045,
L98,0.01178278774023056,1.0275022646292595,8.167928277522327,0.2491261512041092,
L99,0.24970431625843048,1.7770691037210566,7.843403312623502,0.24858693778514862,
L100,0.43000972270965576,2.6915950609770216,7.59746673822403,0.21596558392047882,
L101,-1.4241479635238647,0.03765754783859043,10.126537822246553,0.6242074966430664,
L102,-1.8544749021530151,0.01398057706642968,10.713503766536714,0.6776310205459595,
L103,-0.24571500718593597,0.5679171618721808,8.519155269801617,0.3631305694580078,
L104,-0.0408267080783844,0.9102764181224365,8.239687629818917,0.3362438678741455,
L105,0.2846601605415344,1.9260171970539994,7.7957235410213475,0.29348480701446533,
L106,0.3868246078491211,2.436826494198159,7.6563712348938,0.2865976393222809,
L107,1.0333542823791504,10.798272486559163,6.77450475883484,0.2541000247001648,
L108,0.4733184576034546,2.973845881435913,7.538393623828888,0.1885872185230255,
L109,0.4950334429740906,3.1263201010522317,7.508774383783341,0.18421395123004913,
L110,-0.34940749406814575,0.44729341638361036,8.660591821908952,0.3840354382991791,
L111,0.39653414487838745,2.4919202820328925,7.64312742638588,0.24725590646266937,
L112,-0.3363196551799774,0.4609781544132066,8.64274000966549,0.2761014699935913,
L113,0.12445640563964844,1.3318533445314902,8.01424146270752,0.2987569570541382,
L114,0.05931517481803894,1.14634456119868,8.103094101548196,0.2992829978466034,
L115,-0.0345887765288353,0.9234454025602291,8.231179091185332,0.2654357850551605,
L116,0.2409156858921051,1.7414687511172728,7.855391004443169,0.4194158613681793,
L117,-0.3004872798919678,0.5006252151916695,8.593864649772645,0.43820756673812866,
L118,0.6082024574279785,4.056976176439731,7.354411848068238,0.295182466506958,
L119,0.8330914378166199,6.809127052472731,7.047663278818131,0.28090375661849976,
L120,0.6981881856918335,4.991007077198609,7.23167131471634,0.4373115301132202,
L121,-1.1834652423858643,0.06554427403665135,9.798246590614319,0.6794946789741516,
L122,-1.846112608909607,0.014252379934522963,10.702097598552704,0.7677526473999023,
L123,-1.611328125,0.02447213585880166,10.381851562500001,0.6913886070251465,
L124,-1.661513328552246,0.021801514870359997,10.450304180145265,0.6913042664527893,
L125,-1.3596830368041992,0.043683453293986235,10.038607662200928,0.6910953521728516,
L126,-1.0773755311965942,0.08368053898258278,9.653540224552156,0.685990571975708,
L127,-1.390244483947754,0.04071510096142599,10.080293476104737,0.6288585662841797,
L128,-1.5366528034210205,0.029063452026652975,10.279994423866272,0.7240321636199951,
L129,-0.8711603879928589,0.13453634101722944,9.37226276922226,0.6176331043243408,
L130,-0.9902591109275818,0.10226826522310599,9.534713427305222,0.6178110837936401,
L131,-1.8823827505111694,0.01311043946204315,10.751570071697236,0.7251883745193481,
L132,-1.9889568090438843,0.010257539332812843,10.896937087535859,0.7574705481529236,
L133,-1.4318151473999023,0.036998562652356744,10.136995861053467,0.6286640167236328,
L134,0.0886433869600296,1.2264317553792998,8.063090420186521,0.5669263601303101,
L135,0.06387092173099518,1.1584330028276961,8.096880062758924,0.5732607841491699,
L136,0.5454915761947632,3.5114911337649697,7.439949490070344,0.6457829475402832,
L137,-0.13852277398109436,0.726904280059767,8.372945063710214,0.6448604464530945,
L138,0.3023398518562317,2.006041216426484,7.771608442068101,0.4580261707305908,
L139,0.10390663146972656,1.270300975131104,8.042271354675293,0.6114657521247864,
L140,0.8526350259780884,7.122542116833196,7.021005824565888,0.5498236417770386,
L141,-0.43827956914901733,0.3645192187862987,8.78181333231926,0.48264169692993164,
L142,0.30562475323677063,2.0212719689720298,7.767127836585045,0.5376407504081726,
L143,0.046166568994522095,1.1121582018516332,8.121028799891473,0.29819196462631226,
L144,0.5353261232376099,3.4302527662852924,7.453815167903901,0.5142593383789062,
L145,-0.13755212724208832,0.7285307256086834,8.371621101558208,0.3344994783401489,
L146,-0.1195993572473526,0.759277696371115,8.34713352328539,0.563003659248352,
L147,1.0657628774642944,11.634905961207725,6.730299435138703,0.2803780734539032,
L148,1.1520476341247559,14.192131747608483,6.6126070270538335,0.2823866009712219,
L149,0.9589128494262695,9.097306971885942,6.876042873382569,0.28363528847694397,
L150,0.8319826126098633,6.791764406020104,7.049175716400147,0.3354452848434448,
L151,0.9209825992584229,8.33647782444745,6.927779734611511,0.35998547077178955,
L152,0.8341890573501587,6.826357949184625,7.046166125774384,0.3236490488052368,
L153,0.9409453868865967,8.728615979700862,6.9005504922866825,0.28346139192581177,
L154,-0.171573206782341,0.6736383341577578,8.418025854051114,0.31942856311798096,
L155,0.3042975962162018,2.015104608382912,7.768938078761101,0.23839452862739563,
L156,0.8086223602294922,6.436093730698872,7.081039100646973,0.3018949627876282,
L157,1.3198585510253906,20.886157614588747,6.383712936401368,0.21075192093849182,
L158,1.348642349243164,22.317335857096168,6.3444518356323245,0.24967969954013824,
L159,0.518416702747345,3.299261223375935,7.476879617452622,0.273912250995636,
L160,0.31485143303871155,2.0646737347344395,7.754542645335198,0.2799319624900818,
L161,0.39576777815818787,2.4875268557516903,7.644172750592232,0.2374488115310669,
L162,-0.13659127056598663,0.7301443508931406,8.370310493052006,0.17348764836788177,
L163,0.41260308027267456,2.5858485207192277,7.621209398508072,0.23607508838176727,
L164,0.009359434247016907,1.0217847915004417,8.17123373168707,0.17280066013336182,
L165,0.20132800936698914,1.5897469826656534,7.909388595223428,0.22685644030570984,
L166,0.3987860381603241,2.5048748839490087,7.640055843949319,0.19624966382980347,
L167,-0.2049231231212616,0.6238452560232702,8.463515139937401,0.17323516309261322,
L168,0.25434526801109314,1.7961610234957643,7.83707305443287,0.1711612045764923,
L169,0.2731681764125824,1.8757207224800965,7.811398607373238,0.206480011343956,
L170,-0.16911479830741882,0.6774624083571661,8.41467258489132,0.19145265221595764,
L171,0.2846764326095581,1.9260893620740138,7.7957013459205635,0.19395306706428528,
L172,0.35437285900115967,2.2613764181956864,7.700635420322419,0.22721849381923676,
L173,1.1556968688964844,14.311886021611118,6.607629470825196,0.18304404616355896,
L174,0.5628513097763062,3.654696436572071,7.416270813465119,0.5851104259490967,
L175,1.2124440670013428,16.309628431988983,6.530226292610169,0.5882575511932373,
L176,0.6244751811027527,4.211872162181146,7.332215852975846,0.5294194221496582,
L177,0.44980767369270325,2.8171350932204495,7.570462333083153,0.6099750399589539,
L178,0.13171979784965515,1.3543153406514632,8.00433419573307,0.5148271918296814,
L179,0.31256160140037537,2.053816324170031,7.757665975689888,0.4553120732307434,
L180,1.1003533601760864,12.599501430509356,6.683118016719819,0.5613162517547607,
L181,0.12501689791679382,1.3335733190132137,8.013476951241493,0.36148256063461304,
L182,-0.07515719532966614,0.8410906490524263,8.286514414429666,0.5767570734024048,
L183,0.6023631691932678,4.0027933462267615,7.362376637220383,0.5662989616394043,
L184,0.25061675906181335,1.7808066102191151,7.842158740639687,0.5329456329345703,
L185,-0.25497496128082275,0.5559363081769203,8.531785847187043,0.45045381784439087,
L186,0.7732523679733276,5.932699728627165,7.129283770084381,0.5314496159553528,
L187,0.42398375272750854,2.654506253108018,7.605686161279679,0.3671978712081909,
L188,0.9725689888000488,9.387911542273159,6.857415899276734,0.4063800275325775,
L189,0.3256213665008545,2.116515076912617,7.7398524560928355,0.3336164057254791,
L190,0.9626893997192383,9.176760548948034,6.870891658782959,0.38002315163612366,
L191,0.5874239206314087,3.8674429913388493,7.382753772258759,0.2589624226093292,
L192,0.09518041461706161,1.2450317154412884,8.054173914462329,0.44896331429481506,
L193,0.266926646232605,1.8489562977985805,7.819912054538728,0.29990991950035095,
L194,0.7705938220024109,5.896493471093203,7.132910026788712,0.4286205768585205,
L195,0.7954787015914917,6.244227269661699,7.098967051029206,0.4082140028476715,
L196,0.5114481449127197,3.246744734773899,7.486384730339051,0.537061333656311,
L197,1.3256001472473145,21.164116683390006,6.375881399154664,0.4485224485397339,
L198,0.8664013147354126,7.351929177104848,7.002228606700898,0.32275164127349854,
L199,0.7191534638404846,5.237854905892882,7.203074675321579,0.2904408872127533,
L200,-0.7003356218338013,0.1993720976227137,9.139257788181306,0.4552620053291321,
L201,-0.41585230827331543,0.3838377560677289,8.751222548484803,0.3623179793357849,
L202,0.02341611310839653,1.0553976263973313,8.152060421720147,0.4144313335418701,
L203,-0.24831156432628632,0.5645318324635379,8.522696973741056,0.45194387435913086,
L204,-0.4712632894515991,0.33785994774014516,8.826803126811981,0.6146750450134277,
L205,0.8354398608207703,6.846046754991499,7.04446002984047,0.1711922585964203,
L206,1.1607410907745361,14.479084103597998,6.600749152183533,0.1770785003900528,
L207,-0.12292935699224472,0.7534781156742798,8.351675642937423,0.2839510440826416,
L208,-0.35794901847839355,0.4385821796046213,8.67224246120453,0.6031883955001831,
L209,-0.19781047105789185,0.6341463964989449,8.453813482522966,0.30319881439208984,
L210,-0.268580824136734,0.5387895649053211,8.550344244122506,0.4009045660495758,
L211,-0.7576932311058044,0.17470557700836234,9.217493567228319,0.34897810220718384,
L212,0.12141575664281845,1.3225611360254563,8.018388907939196,0.3102927803993225,
L213,-0.12824195623397827,0.7443171807974251,8.358922028303146,0.28674328327178955,
L214,0.38218948245048523,2.4109570985427466,7.662693545937539,0.21587519347667694,
L215,0.35166558623313904,2.2473234640461195,7.704328140377999,0.18633875250816345,
L216,1.1038564443588257,12.70154187513304,6.678339809894562,0.17404679954051971,
L217,0.870553195476532,7.422551088551662,6.996565441370011,0.2082330733537674,
L218,0.8282055854797363,6.732953040834405,7.05432758140564,0.20689579844474792,
L219,0.2819002866744995,1.91381646534277,7.799488008975983,0.44720304012298584,
L220,0.7348717451095581,5.430899236871262,7.181634939670563,0.19052183628082275,
L221,0.9785282611846924,9.517617808370206,6.84928745174408,0.19761602580547333,
L222,0.4944015443325043,3.1217746117247205,7.509636293530464,0.24610856175422668,
L223,0.9025801420211792,7.990613819149774,6.9528806862831125,0.24141111969947815,
L224,0.9231144785881042,8.377500811734649,6.924871851205826,0.2281862199306488,
L225,0.8775806427001953,7.543634580888614,6.986980003356934,0.252933531999588,
L226,-0.26980867981910706,0.5372684276405447,8.552019039273263,0.3147834539413452,
L227,0.8631067276000977,7.296367960149566,7.006722423553468,0.17878279089927673,
L228,0.4150554835796356,2.600491769495313,7.617864320397378,0.5349538922309875,
L229,0.6009224653244019,3.9895367072990546,7.364341757297517,0.5112994313240051,
L230,0.9326162338256836,8.562808545852814,6.911911457061768,0.4137035608291626,
L231,-0.04882541298866272,0.8936646660238764,8.250597863316537,0.48906850814819336,
L232,-0.07169146835803986,0.8478295155919653,8.281787162840367,0.4981827735900879,
L233,0.09604381024837494,1.2475093526781875,8.052996242821218,0.3345666527748108,
L234,0.47621825337409973,2.993768768038568,7.534438302397729,0.41179558634757996,
L235,0.5501970648765564,3.5497442541006685,7.433531203508378,0.24254551529884338,
L236,0.5442427396774292,3.501408161194454,7.441652903079987,0.2798299491405487,
L237,1.1342543363571167,13.622422203277583,6.636877085208893,0.29172617197036743,
L238,1.0528723001480103,11.294637585715543,6.747882182598114,0.2717633545398712,
L239,0.9941819906234741,9.8669287156989,6.827935764789582,0.2584786117076874,
L240,0.8242414593696594,6.671776040169875,7.059734649419785,0.36984995007514954,
L241,1.001063585281372,10.024519968532811,6.818549269676209,0.33324962854385376,
L242,0.35829153656959534,2.2818733516273015,7.695290344119073,0.3325914740562439,
L243,0.8166100382804871,6.555563647505254,7.0701439077854165,0.3688044846057892,
L244,0.5654324293136597,3.6764818755574096,7.412750166416169,0.2759936451911926,
L245,1.0804640054702759,12.035496349009183,6.710247096538544,0.247496098279953,
L246,0.6014797687530518,3.994659520859645,7.363581595420838,0.27319854497909546,
L247,0.7810907363891602,6.0407482449328045,7.1185922355651865,0.28722918033599854,
L248,0.2707338035106659,1.8652360624634101,7.814719092011452,0.38693416118621826,
L249,0.31716740131378174,2.0757134590028996,7.751383664608002,0.317303329706192,
L250,0.472406804561615,2.96760985446423,7.539637118577958,0.27084019780158997,
L251,0.3017955422401428,2.003528581333756,7.772350880384446,0.22758015990257263,
L252,0.9129334092140198,8.183393017710772,6.938758829832078,0.2276926189661026,
L253,0.9131385684013367,8.187259737059634,6.938478992700578,0.20232973992824554,
L254,0.6876401901245117,4.871247435061086,7.246058780670166,0.2988618016242981,
L255,0.751434326171875,5.642016165637167,7.159043579101563,0.2510799169540405,
L256,-0.15660235285758972,0.6972646488582253,8.397605609297752,0.3552992641925812,
L257,0.30117225646972656,2.00065524253351,7.773201042175294,0.3488070070743561,
L258,-0.39155828952789307,0.4059211782356527,8.718085506916047,0.46372753381729126,
L259,0.8555470705032349,7.170460875767421,7.017033795833588,0.192708820104599,
L260,0.4641883671283722,2.9119798611336507,7.550847067236901,0.20518429577350616,
L261,0.2428574115037918,1.7492722695074427,7.852742490708828,0.1849670708179474,
L262,0.8517515063285828,7.108066894520291,7.022210945367814,0.4326170086860657,
L263,-0.03182002902030945,0.9293514288274424,8.227402519583702,0.36648401618003845,
L264,0.5998059511184692,3.97929330405239,7.365864682674409,0.3258773982524872,
L265,-0.0004946999251842499,0.9988615598420061,8.184674770697953,0.28918778896331787,
L266,0.9950933456420898,9.887655934216427,6.82669267654419,0.3080858290195465,
L267,0.7094813585281372,5.122492822220412,7.2162674269676215,0.41087859869003296,
L268,0.47898343205451965,3.012891082897562,7.5306665986776355,0.4031994342803955,
L269,0.4900364577770233,3.0905548648471948,7.51559027159214,0.35698550939559937,
L270,0.1868908703327179,1.5377681808310901,7.929080852866173,0.36134183406829834,
L271,-0.7641761302947998,0.17211704041740764,9.226336241722107,0.6275936365127563,
L272,-1.0310813188552856,0.0930933547813551,9.59039491891861,0.635448694229126,
L273,-0.8057858943939209,0.15639184587544747,9.283091959953309,0.6334474682807922,
L274,-0.9670564532279968,0.10788064808286166,9.50306500220299,0.6123622059822083,
L275,-0.6188232898712158,0.2405341310506689,9.02807496738434,0.37638059258461,
L276,0.5848602056503296,3.8446800633955194,7.386250679492951,0.24071338772773743,
L277,0.14340510964393616,1.3912497831287483,7.988395430445672,0.3603519797325134,
L278,0.3554465174674988,2.266973886468401,7.699170950174333,0.21570715308189392,
L279,1.042698621749878,11.033127113564053,6.761759079933167,0.20680275559425354,
L280,-0.3480556607246399,0.44868788081411404,8.658747921228409,0.4620208144187927,
L281,-0.29362255334854126,0.5086012774455706,8.584501162767411,0.5083495378494263,
L282,0.3817794620990753,2.4086819718247465,7.663252813696862,0.3643515706062317,
L283,0.036663055419921875,1.0880855815722028,8.133991592407227,0.5244585275650024,
L284,0.7557590007781982,5.698479638009737,7.1531447229385385,0.2354964166879654,
L285,0.13814318180084229,1.3744950552317052,7.995572700023652,0.32758867740631104,
L286,1.4310142993927002,26.978282585116347,6.232096495628357,0.3717395067214966,
L287,1.0494099855422974,11.20495161574803,6.752604779720307,0.5364031791687012,
L288,0.85306316614151,7.129567188722505,7.020421841382981,0.35593467950820923,
L289,1.0183576345443726,10.431761145969247,6.794960186481476,0.4388611614704132,
L290,0.5075418949127197,3.2176729156954798,7.491712855339051,0.4328364431858063,
L291,1.0136228799819946,10.31864995688039,6.801418391704559,0.5344753265380859,
L292,0.6401488184928894,4.36665437548007,7.3108370115757,0.4513936936855316,
L293,0.2979464530944824,1.9858500542855266,7.777601037979126,0.49013298749923706,
L294,0.4684072434902191,2.9404056155613323,7.545092519879342,0.5203326940536499,
L295,0.1687069833278656,1.4747112160504372,7.9538836747407915,0.44828420877456665,
L296,0.6689586639404297,4.66614965884048,7.271540382385254,0.565767228603363,
L297,0.6050146818161011,4.027306488603601,7.358759974002838,0.47514772415161133,
L298,0.7194370031356812,5.241275678339224,7.202687927722931,0.488145649433136,
L299,0.45125019550323486,2.826507847062266,7.568494733333588,0.5775779485702515,
L300,0.330055832862854,2.138236963401023,7.733803843975068,0.4663105309009552,
L301,0.9891763925552368,9.753857188356367,6.834763400554658,0.39795422554016113,
L302,0.3413846492767334,2.194747936008526,7.718351338386536,0.49173739552497864,
L303,0.5636966228485107,3.6618168843998924,7.4151178064346315,0.5462104082107544,
L304,0.36176007986068726,2.3001707679818217,7.690559251070023,0.4743558168411255,
L305,0.26031750440597534,1.8210316935883017,7.828926923990251,0.5662127137184143,
L306,0.637057900428772,4.335686781986286,7.315053023815156,0.48353010416030884,
L307,0.26224207878112793,1.8291194960371575,7.826301804542542,0.45080986618995667,
L308,0.4680441915988922,2.937948587466406,7.5455877226591115,0.5304268002510071,
L309,0.9485225677490234,8.882241309431066,6.890215217590333,0.5076165199279785,
L310,0.6767718195915222,4.750855481268292,7.260883238077164,0.5280613899230957,
L311,0.8749409914016724,7.49792326389021,6.99058048772812,0.4576818645000458,
L312,0.7512754201889038,5.639952160311994,7.159260326862336,0.566743016242981,
L313,0.7739534378051758,5.94228445938812,7.128327510833741,0.3945797085762024,
L314,0.46539241075515747,2.920064273169575,7.549204751729966,0.5084148645401001,
L315,0.3815581500530243,2.407454844709071,7.663554683327676,0.46824681758880615,
L316,0.32107293605804443,2.094464173729188,7.746056515216828,0.5549637079238892,
L317,0.6406886577606201,4.3720856146349565,7.310100670814514,0.46988773345947266,
L318,0.5737702250480652,3.747746653595143,7.40137741303444,0.46939897537231445,
L319,0.7684520483016968,5.867485814497936,7.135831406116486,0.5031909942626953,
L320,0.6785683631896973,4.770549024048048,7.258432752609253,0.5319029092788696,
L321,0.8494581580162048,7.070630755998054,7.025339072465897,0.4716123640537262,
L322,0.4802106022834778,3.0214165397573196,7.528992738485337,0.4541085958480835,
L323,0.820220947265625,6.610296612370647,7.0652186279296885,0.37112724781036377,
L324,0.3293059766292572,2.1345482522081745,7.734826647877694,0.4599265456199646,
L325,0.7735151052474976,5.936289949122607,7.128925396442414,0.48920315504074097,
L326,-0.12791891396045685,0.7448710339367743,8.358481398642065,0.19540812075138092,
L327,-0.2932232618331909,0.5090691018552588,8.583956529140472,0.4597012400627136,
L328,-0.5508418083190918,0.2812925251292963,8.935348226547243,0.45709511637687683,
L329,0.046416670083999634,1.1127988549012844,8.120687662005425,0.4624110162258148,
L330,-0.28864786028862,0.5144606234688057,8.577715681433679,0.43756282329559326,
L331,-0.6153731942176819,0.24245257769288825,9.02336903691292,0.3630550503730774,
L332,-0.5615931153297424,0.2744143919560563,8.95001300930977,0.3668630123138428,
L333,-0.41592326760292053,0.38377504598047457,8.751319337010385,0.3538063168525696,
L334,-0.5880312919616699,0.25820741392816937,8.986074682235719,0.5215870141983032,
L335,-0.7262718081474304,0.1878140992960761,9.174634746313096,0.5639670491218567,
L336,-0.5232440829277039,0.29974773981194197,8.897704929113388,0.4811329245567322,
L337,-0.18890012800693512,0.6472914522121759,8.44165977460146,0.4024226665496826,
L338,-0.5560483336448669,0.2779403924206643,8.9424499270916,0.44968003034591675,
L339,-0.7779390811920166,0.1667481094952951,9.24510890674591,0.5897974371910095,
L340,-0.43194082379341125,0.36987857535459795,8.773167283654214,0.4585658609867096,
L341,-0.5328537821769714,0.29318801815285794,8.91081255888939,0.48948413133621216,
L342,0.013777539134025574,1.0322325246138342,8.16520743662119,0.30303120613098145,
L343,-0.26643216609954834,0.5414618140008858,8.547413474559784,0.39856356382369995,
L344,-0.2983935475349426,0.503044554938049,8.591008798837663,0.3409484922885895,
L345,-0.5493724346160889,0.28224585025087257,8.933344000816346,0.3292282223701477,
L346,-0.4739914834499359,0.33574419814939427,8.830524383425713,0.4561211168766022,
L347,-0.14367179572582245,0.7183369465522158,8.379968329370023,0.41435205936431885,
L348,0.16566716134548187,1.4644250910231378,7.9580299919247635,0.44540849328041077,
L349,-0.4484466314315796,0.3560847450599711,8.795681205272675,0.37547773122787476,
L350,-0.3604251742362976,0.43608869242122983,8.675619937658311,0.3702031075954437,
L351,-0.5483083128929138,0.28293826567348945,8.931892538785934,0.30702993273735046,
L352,-0.6057147979736328,0.24790495198111626,9.010194984436035,0.4995056688785553,
L353,-0.8047628402709961,0.15676068758961315,9.281696514129639,0.5205102562904358,
L354,-0.7256923913955688,0.18806483990044998,9.173844421863556,0.5589723587036133,
L355,-0.1875683218240738,0.6492794809623116,8.439843190968038,0.65092933177948,
L356,-0.07758017629384995,0.836411169344779,8.289819360464811,0.5658577680587769,
L357,-0.1862240880727768,0.6512922523616889,8.438009656131268,0.5855589509010315,
L358,-0.01865353435277939,0.9579579934629815,8.209443420857191,0.5754613876342773,
L359,-0.24266639351844788,0.5719177908130438,8.514996960759163,0.5885348320007324,
L360,1.0434786081314087,11.05296024920308,6.760695178508759,0.48979467153549194,
L361,0.9079094529151917,8.089272264427713,6.945611506223679,0.4107253849506378,
L362,0.8667023777961731,7.357027472750758,7.00181795668602,0.4200935363769531,
L363,-0.5020924806594849,0.3147078089496577,8.868854143619538,0.3199780583381653,
L364,-0.47494009137153625,0.33501164905694675,8.831818284630776,0.343783438205719,
L365,0.3728209435939789,2.3595052260414904,7.675472232937813,0.26925787329673767,
L366,-0.3230935037136078,0.4752328971625561,8.624699539065361,0.4058312773704529,
L367,0.3221898674964905,2.099857711512411,7.744533020734788,0.39709043502807617,
L368,0.6469796895980835,4.435878984245222,7.301519703388214,0.4408480226993561,
L369,0.6984125375747681,4.993586044133065,7.231365298748017,0.3486360013484955,
L370,1.2905666828155518,19.523904866436744,6.423667044639588,0.37544649839401245,
L371,0.10614177584648132,1.2768555714965188,8.0392226177454,0.39111852645874023,
L372,0.03912068158388138,1.0942603966870936,8.130639390319587,0.35557258129119873,
L373,0.05772310495376587,1.1421498970558899,8.105265684843063,0.2383195012807846,
L374,-0.025684043765068054,0.9425750857063426,8.219033035695553,0.27587300539016724,
L375,0.15787933766841888,1.4383988847684297,7.968652583420277,0.3064018785953522,
L376,0.06430725753307343,1.1595974656988486,8.09628490072489,0.3389112949371338,
L377,0.07648853957653046,1.1925827948499585,8.079669632017612,0.2775557041168213,
L378,0.3718009293079376,2.353970030352077,7.676863532423973,0.33639436960220337,
L379,-0.1776433140039444,0.6642884264107295,8.42630548030138,0.461357980966568,
L380,-0.0005743652582168579,0.9986783492691228,8.184783434212209,0.35188475251197815,
L381,-0.4404401183128357,0.3627102942647007,8.784760321378709,0.4724000096321106,
L382,0.7478193044662476,5.595247533609059,7.163974468708039,0.32672399282455444,
L383,0.4909445643424988,3.0970239533759076,7.5143516142368325,0.3401842713356018,
L384,0.3678436577320099,2.332618188685769,7.682261250853539,0.3680416941642761,
L385,0.20675906538963318,1.609752341176055,7.901980634808541,0.31020063161849976,
L386,0.336446613073349,2.1699344415984143,7.725086819767952,0.482008695602417,
L387,0.2852213382720947,1.9285075270330991,7.794958094596863,0.4874178171157837,
L388,-0.043205857276916504,0.90530338184942,8.242932789325716,0.4130302965641022,
L389,0.9171282052993774,8.26281834959025,6.93303712797165,0.23620575666427612,
L390,0.03270915150642395,1.0782243898366894,8.139384717345239,0.3165948987007141,
L391,-0.26857990026474,0.538790711070285,8.550342983961105,0.3966505527496338,
L392,0.5377821922302246,3.4497068592743263,7.450465089797974,0.47094547748565674,
L393,0.9322296380996704,8.555189585959903,6.91243877363205,0.3526231050491333,
L394,1.4202539920806885,26.318067234741747,6.246773554801941,0.32204270362854004,
L395,1.1870650053024292,15.38384888890676,6.564843332767487,0.36534854769706726,
L396,-1.5524852275848389,0.028023009395917238,10.30158985042572,0.5856192111968994,
L397,-1.6588287353515625,0.02193669841631933,10.446642395019532,0.688575029373169,
L401,-1.6624964475631714,0.02175221826800334,10.451645154476166,0.7459245324134827,
L402,-1.5719084739685059,0.02679733009601974,10.328083158493042,0.6794402003288269,
L403,-1.58918035030365,0.02575251505280898,10.351641997814179,0.6868562698364258,
L404,-1.676818609237671,0.021046573035195273,10.471180583000184,0.5850493311882019,
L405,-1.557434320449829,0.0277054800508476,10.308340413093568,0.6764914989471436,
L406,-1.7594983577728271,0.0173980927688464,10.583955760002137,0.7087485194206238,
L407,-1.5641381740570068,0.02728109676098541,10.317484469413758,0.6989006400108337,
L408,-1.4615981578826904,0.03454632402305975,10.177619887351991,0.637113094329834,
L409,-1.597611665725708,0.025257382092430353,10.363142312049867,0.7300748229026794,
L410,-2.299849033355713,0.005013614833821321,11.320994081497194,0.3599590063095093,
L411,-2.3083600997924805,0.004916317250698365,11.332603176116944,0.5771329402923584,
L412,-2.039496898651123,0.009130679555974528,10.965873769760133,0.2436644732952118,
L417,-2.0938072204589844,0.008057360210376275,11.039953048706055,0.6853116750717163,
L418,-2.013798475265503,0.009687272684144438,10.930821120262147,0.4205361604690552,
L419,-1.9875142574310303,0.010291667401782792,10.894969447135926,0.34977710247039795,
L420,-1.971842646598816,0.010669826399233088,10.873593369960785,0.6121466159820557,
L421,-1.9624590873718262,0.01090287197843241,10.860794195175172,0.5934395790100098,
L422,-1.9038021564483643,0.012479518912672691,10.78078614139557,0.6364432573318481,
L423,-1.9007086753845215,0.01256872790891361,10.776566633224489,0.45228856801986694,
L424,-2.0138330459594727,0.009686501588898024,10.930868274688722,0.3096425533294678,
L425,-2.1276187896728516,0.007453859636913524,11.08607202911377,0.3959540128707886,
L426,-2.1173112392425537,0.007632885730701765,11.072012530326845,0.4826248586177826,
L427,-2.1832456588745117,0.00655774222380088,11.161947078704834,0.4219669699668884,
L428,0.05021245777606964,1.1225674823769962,8.115510207593442,0.2845102548599243,
L429,0.25173598527908325,1.7854018698694334,7.840632116079331,0.2505872845649719,
L430,0.40652355551719666,2.54990238714031,7.629501870274544,0.14354079961776733,
L431,0.17223282158374786,1.4867324533291015,7.949074431359769,0.3027931749820709,
L432,-0.07405505329370499,0.8432278592992318,8.285011092692613,0.19100713729858398,
L433,-0.2161140888929367,0.6079752655705553,8.478779617249966,0.19621598720550537,
L434,-0.2914646565914154,0.5111346741009148,8.581557791590692,0.3029850125312805,
L435,0.42233696579933167,2.6444597778469303,7.607932378649712,0.20980709791183472,
L436,0.16919468343257904,1.4763682041667752,7.953218451797963,0.25357669591903687,
L437,-0.1379414200782776,0.7278779779219061,8.37215209698677,0.3489833474159241,
L438,-0.08398857712745667,0.8241597918908898,8.298560419201852,0.2884252667427063,
L439,-0.2087516486644745,0.6183699139369481,8.468737248778345,0.2080945074558258,
L440,0.04477238655090332,1.1085936497870066,8.122930464744568,0.18948684632778168,
L441,-0.9297291040420532,0.11756306388176539,9.452150497913362,0.43552088737487793,
L442,-0.05998195707798004,0.8709997752064861,8.265815389454366,0.28557851910591125,
L443,0.6156048774719238,4.126718809298544,7.3443149471282965,0.2647450864315033,
L444,0.5312556028366089,3.398252169538374,7.459367357730866,0.34186071157455444,
L445,0.6032642722129822,4.011107229684706,7.361147532701493,0.29668858647346497,
L446,1.2234134674072266,16.726823234851594,6.515264030456543,0.44528186321258545,
L447,0.24622564017772675,1.7628917289802009,7.848148226797582,0.3991006910800934,
L448,1.921720266342163,83.5064970810751,5.56277355670929,0.4158904552459717,
L449,0.49652743339538574,3.13709328695291,7.5067365808486946,0.38642817735671997,
L450,0.06255880743265152,1.1549383632865389,8.098669786661864,0.402189165353775,
L451,0.7670667767524719,5.848800078866765,7.137720916509629,0.3201567828655243,
L452,0.6731703877449036,4.711621422581701,7.265795591115952,0.3236656188964844,
L453,0.7237626314163208,5.293740294167803,7.196787770748139,0.46248167753219604,
L454,0.7680386304855347,5.861903038109745,7.136395308017732,0.5386002063751221,
L455,1.0647886991500854,11.608836621837188,6.731628214359284,0.4005095064640045,
L456,0.8953045606613159,7.857864953038604,6.962804579257965,0.5138025879859924,
L471,-0.08688962459564209,0.8186728263815887,8.302517447948457,0.28157728910446167,
L472,-0.6440761089324951,0.22694670990657,9.062519812583924,0.4534751772880554,
L473,-0.017789607867598534,0.9598655217085923,8.208265025131405,0.2015857696533203,
L474,0.18560639023780823,1.5332267588691508,7.93083288371563,0.3018178939819336,
L475,0.43562808632850647,2.7266417879182034,7.589803290247918,0.23034416139125824,
L476,0.4353677034378052,2.7250075095428263,7.590158452510834,0.5838884115219116,
L477,0.16838529706001282,1.4736192871495093,7.954322454810143,0.3740530014038086,
L478,0.6826021671295166,4.815065143672365,7.25293064403534,0.3637385964393616,
L479,-0.42515674233436584,0.3757017843227064,8.763913796544076,0.3801952600479126,
L480,0.14524763822555542,1.397164808636157,7.985882221460343,0.33268916606903076,
L481,-0.6153582334518433,0.2424609299489511,9.023348630428314,0.4615717828273773,
L483,-0.23613786697387695,0.5805800828621999,8.506092050552368,0.17138689756393433,
L484,-0.3582696318626404,0.43825852035587853,8.672679777860642,0.3486800491809845,
LIG1,0.4351023733615875,2.7233431880730268,7.590520362734795,0.5134453773498535,
LIG2,0.8807210922241211,7.598381454060479,6.9826964302063,0.46191471815109253,
LIG3,0.9206475019454956,8.330047961805343,6.9282368073463445,0.5349746942520142,
LIG4,0.9049072265625,8.033544922848224,6.949706542968751,0.5152701139450073,
LIG5,0.6614478826522827,4.58614606620554,7.2817850880622865,0.5955700278282166,
LIG6,1.2616074085235596,18.26448405446136,6.463167494773865,0.5649424195289612,
LIG7,0.9356454610824585,8.622743375110844,6.907779591083527,0.5040411949157715,
LIG8,0.013675421476364136,1.0319898395688532,8.16534672510624,0.608765184879303,
LIG9,1.152930736541748,14.221019650948541,6.611402475357056,0.5737241506576538,
LIG10,1.0617374181747437,11.52756071163405,6.73579016160965,0.5612870454788208,
LIG11,0.8466397523880005,7.0248936266042845,7.0291833777427675,0.5106785893440247,
LIG12,1.1119927167892456,12.941741376926814,6.6672419342994695,0.514378547668457,
LIG13,1.265588641166687,18.432686687726235,6.45773709344864,0.5388398766517639,
LIG14,0.8492798805236816,7.067728864112364,7.025582242965699,0.5778560042381287,
LIG15,0.7151980400085449,5.1903666775486474,7.208469873428346,0.6187722086906433,
LIG16,0.8225125074386597,6.645268106334139,7.0620929398536685,0.33308762311935425,
LIG17,0.7222280502319336,5.2750678519388785,7.198880939483643,0.5721523761749268,
LIG18,1.1011073589324951,12.6213950079849,6.682089562416077,0.3783562183380127,
LIG19,1.268059492111206,18.53785548037718,6.454366852760315,0.46943122148513794,
LIG20,0.869504451751709,7.404648575745092,6.99799592781067,0.5701807141304016,
LIG21,1.3487401008605957,22.322359640035977,6.344318502426148,0.4639347195625305,
LIG22,1.224236249923706,16.75854268622064,6.514141755104065,0.4075945019721985,
LIG23,0.9736530780792236,9.411374993060424,6.855937201499939,0.45186513662338257,
LIG24,1.242117166519165,17.462932146271406,6.489752184867859,0.4851328730583191,
LIG25,0.46450868248939514,2.914128393940591,7.550410157084466,0.5048912763595581,
LIG26,1.3018991947174072,20.040068178612604,6.408209498405457,0.4578208923339844,
LIG27,0.946846604347229,8.848030364105155,6.89250123167038,0.4122557044029236,
LIG28,0.7535470128059387,5.669529414164542,7.1561618745327005,0.4059903025627136,
LIG29,0.6409012079238892,4.374225901906843,7.309810752391816,0.5431135892868042,
LIG30,0.8771746754646301,7.536586281423047,6.987533742666245,0.49690431356430054,
LIG31,0.7650865912437439,5.822192912394985,7.140421889543534,0.3007917106151581,
LIG32,0.6794039011001587,4.77973590413104,7.257293078899384,0.34688499569892883,
LIG33,0.7449226379394531,5.558052413481446,7.167925521850586,0.5277642607688904,
LIG34,0.8073602318763733,6.417416578378967,7.082760643720627,0.49030083417892456,
LIG35,0.38681137561798096,2.436752249275537,7.656389283657075,0.587075412273407,
LIG36,0.5761533975601196,3.7683687838622033,7.398126765727997,0.5634526610374451,
LIG37,0.3903470039367676,2.456671026827769,7.651566686630249,0.47705715894699097,
LIG38,1.1036837100982666,12.696491027657316,6.6785754194259646,0.3012155294418335,
LIG39,0.2094481736421585,1.6197506900708776,7.898312691152096,0.6108217239379883,
LIG40,0.334745317697525,2.161450617539493,7.727407386660577,0.5852513909339905,
LIG41,0.655476450920105,4.523519334446619,7.289930120944978,0.4879528284072876,
LIG42,0.9016396999359131,7.973329282161329,6.954163449287415,0.430458664894104,
LIG43,0.41266027092933655,2.5861890641035608,7.621131390452385,0.6529091596603394,
LIG44,0.7555354833602905,5.69554756819236,7.153449600696565,0.5948913097381592,
LIG45,0.4538015127182007,2.8431613894492993,7.565014736652375,0.5923762321472168,
LIG46,0.47380948066711426,2.9772100796245766,7.5377238683700565,0.523942768573761,
LIG47,-0.01828962191939354,0.9587610405612533,8.208947044298053,0.6302913427352905,
LIG48,0.8154337406158447,6.5378317608854815,7.071748377799988,0.43193843960762024,
LIG49,0.6725337505340576,4.704719663174785,7.266663964271546,0.5445972084999084,
LIG50,0.7338476777076721,5.418108250310824,7.183031767606736,0.5165019035339355,
LIG51,0.4553980231285095,2.8536323724839012,7.562837096452713,0.5383265614509583,
LIG52,0.5108663439750671,3.2423981577252494,7.487178306818009,0.6022015810012817,
LIG53,0.7474613189697266,5.590637315793768,7.164462760925294,0.488029420375824,
LIG54,0.36946144700050354,2.341323622988761,7.680054586291313,0.5907596349716187,
LIG55,0.9541672468185425,8.998440447839938,6.882515875339508,0.5392860770225525,
LIG56,0.8641884326934814,7.3145638062848475,7.005246977806092,0.5616969466209412,
LIG57,0.9085129499435425,8.100520957346749,6.944788336277009,0.5126549005508423,
LIG58,0.22999420762062073,1.6982210023790831,7.870287900805474,0.6072878241539001,
LIG59,0.9299396276473999,8.510197276171219,6.915562347888947,0.5354329943656921,
LIG60,-0.13022451102733612,0.7409271157510392,8.361626233041287,0.5705165863037109,
LIG61,0.8806260824203491,7.596719351961241,6.982826023578644,0.5105085968971252,
LIG62,0.979398250579834,9.53670284403893,6.848100786209107,0.5314550399780273,
LIG63,1.3250205516815186,21.13589056721961,6.376671967506409,0.5381901264190674,
LIG64,0.8378187417984009,6.883649387167036,7.041215236186981,0.4458928406238556,
LIG65,1.1070092916488647,12.794086765730277,6.674039326190949,0.5378844738006592,
LIG66,0.3827707767486572,2.4141862760129,7.661900660514832,0.4357714354991913,
LIG67,0.946233868598938,8.835555690827047,6.893337003231049,0.2987407445907593,
LIG68,1.0070794820785522,10.164346978825217,6.810343586444855,0.524422287940979,
LIG69,1.3794761896133423,23.959413876005172,6.302394477367401,0.5761317014694214,
LIG70,0.42924392223358154,2.6868530975573206,7.598511290073396,0.393784761428833,
LIG71,1.0769717693328857,11.939104935652072,6.715010506629945,0.5346671938896179,
LIG72,1.258573293685913,18.13732744556642,6.467306027412415,0.6140295267105103,
LIG73,1.0635982751846313,11.577059762373132,6.733251952648163,0.46958136558532715,
LIG74,1.29335618019104,19.649711581859957,6.419862170219422,0.4853692054748535,
LIG75,0.11160910129547119,1.2930314889361574,8.031765185832977,0.5200467109680176,
LIG76,0.40877166390419006,2.5631360793367404,7.626435450434685,0.19670476019382477,
LIG77,0.3618617653846741,2.300709392034428,7.690420552015305,0.26455748081207275,
LIG78,0.15713024139404297,1.4359199895532948,7.969674350738526,0.2672799825668335,
LIG79,0.21480435132980347,1.6398508577136348,7.891006864786148,0.27084672451019287,
LIG80,-0.01304328441619873,0.9704132451691485,8.201791039943696,0.22427907586097717,
LIG81,0.7315071821212769,5.388987573083651,7.186224203586579,0.18158134818077087,
LIG82,0.02553379535675049,1.0605564641492913,8.149171903133393,0.21576553583145142,
LIG83,0.2607163190841675,1.8227047236693854,7.828382940769196,0.2727704644203186,
LIG84,0.3834186792373657,2.4177905691517494,7.6610169215202335,0.2794967293739319,
LIG85,0.6589234471321106,4.559565376399232,7.285228418111802,0.2530806362628937,
LIG86,0.6081920266151428,4.056878737828939,7.354426075696946,0.4158557057380676,
LIG87,0.5389183163642883,3.45874318448056,7.448915416479111,0.2485119253396988,
LIG88,0.5409390330314636,3.474873771736526,7.446159158945084,0.34711313247680664,
LIG89,0.26626724004745483,1.8461510857858072,7.820811484575272,0.2743793725967407,
LIG90,1.0628445148468018,11.556984075198034,6.734280081748963,0.2529514729976654,
LIG91,0.7311123609542847,5.384090620452707,7.186762739658357,0.17898595333099365,
LIG92,0.16852915287017822,1.4741074900135422,7.954126235485077,0.33154797554016113,
LIG93,0.5127440094947815,3.2564469643576253,7.484617171049119,0.28792208433151245,
LIG94,0.1683063507080078,1.4733514359596958,7.954430137634278,0.24529804289340973,
LIG95,0.6293674111366272,4.2595861978124026,7.325542851209641,0.22562533617019653,
LIG96,0.34457024931907654,2.2109058525304626,7.71400617992878,0.28043028712272644,
LIG97,0.07124403119087219,1.1782678592985423,8.086823141455652,0.2470911741256714,
LIG98,0.08184488117694855,1.2073825120915869,8.072363582074642,0.23511382937431335,
LIG99,0.20018509030342102,1.585568795982452,7.910947536826134,0.24713003635406494,
LIG1,0.4351023733615875,2.7233431880730268,7.590520362734795,0.5134453773498535,
LIG2,0.8807210922241211,7.598381454060479,6.9826964302063,0.46191471815109253,
LIG3,0.9206475019454956,8.330047961805343,6.9282368073463445,0.5349746942520142,
LIG4,0.9049072265625,8.033544922848224,6.949706542968751,0.5152701139450073,
LIG5,0.6614478826522827,4.58614606620554,7.2817850880622865,0.5955700278282166,
LIG6,1.2616074085235596,18.26448405446136,6.463167494773865,0.5649424195289612,
LIG7,0.9356454610824585,8.622743375110844,6.907779591083527,0.5040411949157715,
LIG8,0.013675421476364136,1.0319898395688532,8.16534672510624,0.608765184879303,
LIG9,1.152930736541748,14.221019650948541,6.611402475357056,0.5737241506576538,
LIG10,1.0617374181747437,11.52756071163405,6.73579016160965,0.5612870454788208,
LIG11,0.8466397523880005,7.0248936266042845,7.0291833777427675,0.5106785893440247,
LIG12,1.1119927167892456,12.941741376926814,6.6672419342994695,0.514378547668457,
LIG13,1.265588641166687,18.432686687726235,6.45773709344864,0.5388398766517639,
LIG14,0.8492798805236816,7.067728864112364,7.025582242965699,0.5778560042381287,
LIG15,0.7151980400085449,5.1903666775486474,7.208469873428346,0.6187722086906433,
LIG16,0.8225125074386597,6.645268106334139,7.0620929398536685,0.33308762311935425,
LIG17,0.7222280502319336,5.2750678519388785,7.198880939483643,0.5721523761749268,
LIG18,1.1011073589324951,12.6213950079849,6.682089562416077,0.3783562183380127,
LIG19,1.268059492111206,18.53785548037718,6.454366852760315,0.46943122148513794,
LIG20,0.869504451751709,7.404648575745092,6.99799592781067,0.5701807141304016,
LIG21,1.3487401008605957,22.322359640035977,6.344318502426148,0.4639347195625305,
LIG22,1.224236249923706,16.75854268622064,6.514141755104065,0.4075945019721985,
LIG23,0.9736530780792236,9.411374993060424,6.855937201499939,0.45186513662338257,
LIG24,1.242117166519165,17.462932146271406,6.489752184867859,0.4851328730583191,
LIG25,0.46450868248939514,2.914128393940591,7.550410157084466,0.5048912763595581,
LIG26,1.3018991947174072,20.040068178612604,6.408209498405457,0.4578208923339844,
LIG27,0.946846604347229,8.848030364105155,6.89250123167038,0.4122557044029236,
LIG28,0.7535470128059387,5.669529414164542,7.1561618745327005,0.4059903025627136,
LIG29,0.6409012079238892,4.374225901906843,7.309810752391816,0.5431135892868042,
LIG30,0.8771746754646301,7.536586281423047,6.987533742666245,0.49690431356430054,
LIG31,0.7650865912437439,5.822192912394985,7.140421889543534,0.3007917106151581,
LIG32,0.6794039011001587,4.77973590413104,7.257293078899384,0.34688499569892883,
LIG33,0.7449226379394531,5.558052413481446,7.167925521850586,0.5277642607688904,
LIG34,0.8073602318763733,6.417416578378967,7.082760643720627,0.49030083417892456,
LIG35,0.38681137561798096,2.436752249275537,7.656389283657075,0.587075412273407,
LIG36,0.5761533975601196,3.7683687838622033,7.398126765727997,0.5634526610374451,
LIG37,0.3903470039367676,2.456671026827769,7.651566686630249,0.47705715894699097,
LIG38,1.1036837100982666,12.696491027657316,6.6785754194259646,0.3012155294418335,
LIG39,0.2094481736421585,1.6197506900708776,7.898312691152096,0.6108217239379883,
LIG40,0.334745317697525,2.161450617539493,7.727407386660577,0.5852513909339905,
LIG41,0.655476450920105,4.523519334446619,7.289930120944978,0.4879528284072876,
LIG42,0.9016396999359131,7.973329282161329,6.954163449287415,0.430458664894104,
LIG43,0.41266027092933655,2.5861890641035608,7.621131390452385,0.6529091596603394,
LIG44,0.7555354833602905,5.69554756819236,7.153449600696565,0.5948913097381592,
LIG45,0.4538015127182007,2.8431613894492993,7.565014736652375,0.5923762321472168,
LIG46,0.47380948066711426,2.9772100796245766,7.5377238683700565,0.523942768573761,
LIG47,-0.01828962191939354,0.9587610405612533,8.208947044298053,0.6302913427352905,
LIG48,0.8154337406158447,6.5378317608854815,7.071748377799988,0.43193843960762024,
LIG49,0.6725337505340576,4.704719663174785,7.266663964271546,0.5445972084999084,
LIG50,0.7338476777076721,5.418108250310824,7.183031767606736,0.5165019035339355,
LIG51,0.4553980231285095,2.8536323724839012,7.562837096452713,0.5383265614509583,
LIG52,0.5108663439750671,3.2423981577252494,7.487178306818009,0.6022015810012817,
LIG53,0.7474613189697266,5.590637315793768,7.164462760925294,0.488029420375824,
LIG54,0.36946144700050354,2.341323622988761,7.680054586291313,0.5907596349716187,
LIG55,0.9541672468185425,8.998440447839938,6.882515875339508,0.5392860770225525,
LIG56,0.8641884326934814,7.3145638062848475,7.005246977806092,0.5616969466209412,
LIG57,0.9085129499435425,8.100520957346749,6.944788336277009,0.5126549005508423,
LIG58,0.22999420762062073,1.6982210023790831,7.870287900805474,0.6072878241539001,
LIG59,0.9299396276473999,8.510197276171219,6.915562347888947,0.5354329943656921,
LIG60,-0.13022451102733612,0.7409271157510392,8.361626233041287,0.5705165863037109,
LIG61,0.8806260824203491,7.596719351961241,6.982826023578644,0.5105085968971252,
LIG62,0.979398250579834,9.53670284403893,6.848100786209107,0.5314550399780273,
LIG63,1.3250205516815186,21.13589056721961,6.376671967506409,0.5381901264190674,
LIG64,0.8378187417984009,6.883649387167036,7.041215236186981,0.4458928406238556,
LIG65,1.1070092916488647,12.794086765730277,6.674039326190949,0.5378844738006592,
LIG66,0.3827707767486572,2.4141862760129,7.661900660514832,0.4357714354991913,
LIG67,0.946233868598938,8.835555690827047,6.893337003231049,0.2987407445907593,
LIG68,1.0070794820785522,10.164346978825217,6.810343586444855,0.524422287940979,
LIG69,1.3794761896133423,23.959413876005172,6.302394477367401,0.5761317014694214,
LIG70,0.42924392223358154,2.6868530975573206,7.598511290073396,0.393784761428833,
LIG71,1.0769717693328857,11.939104935652072,6.715010506629945,0.5346671938896179,
LIG72,1.258573293685913,18.13732744556642,6.467306027412415,0.6140295267105103,
LIG73,1.0635982751846313,11.577059762373132,6.733251952648163,0.46958136558532715,
LIG74,1.29335618019104,19.649711581859957,6.419862170219422,0.4853692054748535,
LIG75,0.11160910129547119,1.2930314889361574,8.031765185832977,0.5200467109680176,
LIG76,0.40877166390419006,2.5631360793367404,7.626435450434685,0.19670476019382477,
LIG77,0.3618617653846741,2.300709392034428,7.690420552015305,0.26455748081207275,
LIG78,0.15713024139404297,1.4359199895532948,7.969674350738526,0.2672799825668335,
LIG79,0.21480435132980347,1.6398508577136348,7.891006864786148,0.27084672451019287,
LIG80,-0.01304328441619873,0.9704132451691485,8.201791039943696,0.22427907586097717,
LIG81,0.7315071821212769,5.388987573083651,7.186224203586579,0.18158134818077087,
LIG82,0.02553379535675049,1.0605564641492913,8.149171903133393,0.21576553583145142,
LIG83,0.2607163190841675,1.8227047236693854,7.828382940769196,0.2727704644203186,
LIG84,0.3834186792373657,2.4177905691517494,7.6610169215202335,0.2794967293739319,
LIG85,0.6589234471321106,4.559565376399232,7.285228418111802,0.2530806362628937,
LIG86,0.6081920266151428,4.056878737828939,7.354426075696946,0.4158557057380676,
LIG87,0.5389183163642883,3.45874318448056,7.448915416479111,0.2485119253396988,
LIG88,0.5409390330314636,3.474873771736526,7.446159158945084,0.34711313247680664,
LIG89,0.26626724004745483,1.8461510857858072,7.820811484575272,0.2743793725967407,
LIG90,1.0628445148468018,11.556984075198034,6.734280081748963,0.2529514729976654,
LIG91,0.7311123609542847,5.384090620452707,7.186762739658357,0.17898595333099365,
LIG92,0.16852915287017822,1.4741074900135422,7.954126235485077,0.33154797554016113,
LIG93,0.5127440094947815,3.2564469643576253,7.484617171049119,0.28792208433151245,
LIG94,0.1683063507080078,1.4733514359596958,7.954430137634278,0.24529804289340973,
LIG95,0.6293674111366272,4.2595861978124026,7.325542851209641,0.22562533617019653,
LIG96,0.34457024931907654,2.2109058525304626,7.71400617992878,0.28043028712272644,
LIG97,0.07124403119087219,1.1782678592985423,8.086823141455652,0.2470911741256714,
LIG98,0.08184488117694855,1.2073825120915869,8.072363582074642,0.23511382937431335,
LIG99,0.20018509030342102,1.585568795982452,7.910947536826134,0.24713003635406494,
L398,,,,,Missing affinity JSON
L399,,,,,Missing affinity JSON
L400,,,,,Missing affinity JSON
L413,,,,,Missing affinity JSON
L414,,,,,Missing affinity JSON
L415,,,,,Missing affinity JSON
L416,,,,,Missing affinity JSON
L457,,,,,Missing affinity JSON
L458,,,,,Missing affinity JSON
L459,,,,,Missing affinity JSON
L460,,,,,Missing affinity JSON
L461,,,,,Missing affinity JSON
L462,,,,,Missing affinity JSON
L463,,,,,Missing affinity JSON
L464,,,,,Missing affinity JSON
L465,,,,,Missing affinity JSON
L466,,,,,Missing affinity JSON
L467,,,,,Missing affinity JSON
L468,,,,,Missing affinity JSON
L469,,,,,Missing affinity JSON
L470,,,,,Missing affinity JSON
L482,,,,,Missing affinity JSON
